,종목코드,종목명,시가총액_label,주식수_label,btin,SIC,GICS
0,000020,동화약품,"2,670억원","2,793만주",의약품 제조업,의약품,건강관리
1,000050,경방,"3,139억원","2,741만주",종합 소매업,유통업,"화장품,의류,완구"
2,000060,메리츠화재,"24,668억원","11,368만주",보험업,보험업,보험
3,000070,삼양홀딩스,"7,039억원",856만주,기타 금융업,기타금융업,필수소비재
4,000080,하이트진로,"11,992억원","7,013만주",알코올음료 제조업,음식료품,필수소비재
5,000100,유한양행,"30,767억원","1,220만주",의약품 제조업,의약품,건강관리
6,000120,CJ대한통운,"33,306억원","2,281만주",도로 화물 운송업,운수창고업,운송
7,000140,하이트진로홀딩스,"1,561억원","2,320만주",기타 금융업,기타금융업,필수소비재
8,000150,두산,"25,149억원","1,919만주",회사 본부 및 경영 컨설팅 서비스업,서비스업,"상사,자본재"
9,000180,성창기업지주,"1,478억원","6,975만주",회사 본부 및 경영 컨설팅 서비스업,서비스업,"비철,목재등"
10,000220,유유제약,748억원,636만주,의약품 제조업,의약품,건강관리
11,000230,일동홀딩스,"1,353억원","1,049만주",기타 금융업,의약품,건강관리
12,000250,삼천당제약,"8,411억원","2,210만주",의약품 제조업,제약,건강관리
13,000300,대유플러스,916억원,"10,068만주",통신 및 방송 장비 제조업,전기전자,자동차
14,000320,노루홀딩스,"1,541억원","1,329만주",기타 금융업,기타금융업,"건설,건축관련"
15,000400,롯데손해보험,"3,605억원","13,428만주",보험업,보험업,보험
16,000430,대원강업,"2,216억원","6,200만주",자동차 신품 부품 제조업,운수장비,자동차
17,000440,중앙에너비스,552억원,124만주,기타 전문 도매업,도매,에너지
18,000480,조선내화,"3,480억원",400만주,"내화, 비내화 요업제품 제조업",비금속광물,"비철,목재등"
19,000500,가온전선,736억원,416만주,절연선 및 케이블 제조업,전기전자,기계
20,000520,삼일제약,"1,660억원",650만주,의약품 제조업,의약품,건강관리
21,000590,CS홀딩스,707억원,115만주,기타 금융업,기타금융업,철강
22,000640,동아쏘시오홀딩스,"6,076억원",613만주,기타 금융업,기타금융업,건강관리
23,000650,천일고속,"1,186억원",142만주,육상 여객 운송업,운수창고업,운송
24,000660,SK하이닉스,"492,129억원","72,800만주",반도체 제조업,전기전자,반도체
25,000670,영풍,"13,446억원",184만주,1차 비철금속 제조업,철강금속,IT하드웨어
26,000680,LS네트웍스,"2,080억원","7,880만주",상품 종합 도매업,유통업,"화장품,의류,완구"
27,000700,유수홀딩스,"1,588억원","2,604만주",회사 본부 및 경영 컨설팅 서비스업,서비스업,운송
28,000760,이화산업,603억원,280만주,기타 전문 도매업,유통업,화학
29,000860,강남제비스코,"1,576억원",650만주,기타 화학제품 제조업,화학,"건설,건축관련"
30,000890,보해양조,"1,279억원","9,657만주",알코올음료 제조업,음식료품,필수소비재
31,000910,유니온,597억원,"1,561만주","시멘트, 석회, 플라스터 및 그 제품 제조업",비금속광물,"건설,건축관련"
32,000950,전방,287억원,168만주,방적 및 가공사 제조업,섬유의복,"화장품,의류,완구"
33,000990,DB하이텍,"5,194억원","4,439만주",반도체 제조업,전기전자,반도체
34,001000,신라섬유,591억원,"2,427만주",부동산 임대 및 공급업,소매,통신서비스
35,001020,페이퍼코리아,471억원,"5,421만주","펄프, 종이 및 판지 제조업",종이목재,"비철,목재등"
36,001040,CJ,"38,513억원","2,917만주",기타 금융업,기타금융업,"상사,자본재"
37,001060,JW중외제약,"7,496억원","1,980만주",의약품 제조업,의약품,건강관리
38,001070,대한방직,736억원,530만주,직물직조 및 직물제품 제조업,섬유의복,"화장품,의류,완구"
39,001080,만호제강,717억원,415만주,1차 철강 제조업,철강금속,철강
40,001130,대한제분,"3,016억원",169만주,"곡물가공품, 전분 및 전분제품 제조업",음식료품,필수소비재
41,001140,국보,195억원,168만주,도로 화물 운송업,운수창고업,운송
42,001210,금호전기,449억원,697만주,전구 및 조명장치 제조업,전기전자,디스플레이
43,001230,동국제강,"7,415억원","9,543만주",1차 철강 제조업,철강금속,철강
44,001250,GS글로벌,"2,100억원","8,253만주",상품 종합 도매업,유통업,"상사,자본재"
45,001260,남광토건,"1,454억원",982만주,토목 건설업,건설업,"건설,건축관련"
46,001270,부국증권,"2,353억원","1,036만주",금융 지원 서비스업,증권,증권
47,001340,백광산업,"1,120억원","4,491만주",기초 화학물질 제조업,화학,화학
48,001360,삼성제약,"1,610억원","5,823만주",의약품 제조업,의약품,건강관리
49,001390,KG케미칼,"2,322억원","1,245만주",기초 화학물질 제조업,화학,화학
50,001420,태원물산,318억원,760만주,자동차 신품 부품 제조업,운수장비,자동차
51,001430,세아베스틸,"5,791억원","3,586만주",1차 철강 제조업,철강금속,철강
52,001440,대한전선,"9,078억원","85,647만주",절연선 및 케이블 제조업,전기전자,기계
53,001460,BYC,"1,605억원",62만주,봉제의복 제조업,섬유의복,"화장품,의류,완구"
54,001470,삼부토건,"1,262억원","2,480만주",토목 건설업,건설업,"건설,건축관련"
55,001510,SK증권,"2,509억원","35,648만주",금융 지원 서비스업,증권,증권
56,001520,동양,"4,511억원","23,868만주","시멘트, 석회, 플라스터 및 그 제품 제조업",비금속광물,"건설,건축관련"
57,001540,안국약품,"1,428억원","1,304만주",의약품 제조업,제약,건강관리
58,001550,조비,"1,251억원",519만주,"비료, 농약 및 살균, 살충제 제조업",화학,화학
59,001560,제일연마,600억원,"1,000만주",기타 비금속 광물제품 제조업,비금속광물,"비철,목재등"
60,001570,금양,"1,025억원","4,317만주",기초 화학물질 제조업,화학,화학
61,001630,종근당홀딩스,"3,040억원",500만주,의약품 제조업,의약품,건강관리
62,001680,대상,"7,969억원","3,464만주",기타 식품 제조업,음식료품,필수소비재
63,001720,신영증권,"5,509억원",938만주,금융 지원 서비스업,증권,증권
64,001740,SK네트웍스,"11,615억원","24,818만주",기타 전문 도매업,유통업,"상사,자본재"
65,001780,알루코,"2,105억원","7,452만주",1차 비철금속 제조업,철강금속,"비철,목재등"
66,001790,대한제당,"1,719억원",884만주,"곡물가공품, 전분 및 전분제품 제조업",음식료품,필수소비재
67,001800,오리온홀딩스,"10,273억원","6,264만주",기타 금융업,기타금융업,필수소비재
68,001810,무림SP,554억원,"2,213만주","펄프, 종이 및 판지 제조업","종이,목재","비철,목재등"
69,001840,이화공영,"1,338억원","1,980만주",건물 건설업,종합건설,"건설,건축관련"
70,001940,KISCO홀딩스,"2,161억원","1,847만주",1차 철강 제조업,철강금속,철강
71,002020,코오롱,"4,614억원","1,262만주",기타 금융업,기타금융업,화학
72,002030,아세아,"2,464억원",219만주,회사 본부 및 경영 컨설팅 서비스업,서비스업,"비철,목재등"
73,002100,경농,"2,006억원","2,169만주","비료, 농약 및 살균, 살충제 제조업",화학,화학
74,002140,고려산업,559억원,"2,493만주","곡물가공품, 전분 및 전분제품 제조업",음식료품,필수소비재
75,002150,도화엔지니어링,"2,272억원","3,372만주","건축기술, 엔지니어링 및 관련 기술 서비스업",서비스업,"건설,건축관련"
76,002170,삼양통상,"1,249억원",300만주,"가죽, 가방 및 유사제품 제조업",미분류,"화장품,의류,완구"
77,002210,동성제약,"5,966억원","2,475만주",의약품 제조업,의약품,건강관리
78,002230,피에스텍,841억원,"1,966만주","측정, 시험, 항해, 제어 및 기타 정밀기기 제조업; 광학기기 제외","의료,정밀기기",IT가전
79,002240,고려제강,"4,110억원","2,000만주",1차 철강 제조업,철강금속,철강
80,002270,롯데푸드,"7,176억원",113만주,낙농제품 및 식용빙과류 제조업,음식료품,필수소비재
81,002290,삼일기업공사,402억원,"1,240만주",건물 건설업,종합건설,"건설,건축관련"
82,002310,아세아제지,"2,866억원",895만주,"골판지, 종이 상자 및 종이용기 제조업",종이목재,"비철,목재등"
83,002350,넥센타이어,"8,575억원","9,766만주",고무제품 제조업,화학,자동차
84,002360,SH에너지화학,"1,144억원","11,113만주",기초 화학물질 제조업,화학,화학
85,002410,범양건영,402억원,"2,483만주",건물 건설업,건설업,"건설,건축관련"
86,002420,세기상사,317억원,40만주,"영화, 비디오물, 방송프로그램 제작 및 배급업",서비스업,"미디어,교육"
87,002450,삼익악기,"1,602억원","9,053만주",악기 제조업,미분류,"화장품,의류,완구"
88,002600,조흥,"1,107억원",60만주,기타 식품 제조업,음식료품,필수소비재
89,002620,제일파마홀딩스,"1,284억원",434만주,회사 본부 및 경영 컨설팅 서비스업,서비스업,건강관리
90,002630,오리엔트바이오,"1,292억원","16,853만주",의약품 제조업,의약품,자동차
91,002690,동일제강,449억원,"1,500만주",1차 철강 제조업,철강금속,철강
92,002720,국제약품,817억원,"1,805만주",의약품 제조업,의약품,건강관리
93,002760,보락,"1,467억원","5,990만주",기타 화학제품 제조업,화학,필수소비재
94,002780,진흥기업,"3,219억원","14,535만주",토목 건설업,건설업,"건설,건축관련"
95,002800,신신제약,"1,250억원","1,517만주",의약품 제조업,제약,건강관리
96,002810,삼영무역,"2,404억원","1,646만주",기타 전문 도매업,유통업,화학
97,002840,미원상사,"1,942억원",79만주,기타 화학제품 제조업,화학,화학
98,002870,신풍제지,435억원,"3,495만주","펄프, 종이 및 판지 제조업",종이목재,"비철,목재등"
99,002880,대유에이텍,"1,182억원","10,331만주",자동차 신품 부품 제조업,운수장비,자동차
100,002920,유성기업,723억원,"2,594만주",자동차 신품 부품 제조업,운수장비,자동차
101,003000,부광약품,"13,170억원","4,887만주",의약품 제조업,의약품,건강관리
102,003030,세아제강지주,"1,635억원",316만주,기타 금융업,기타금융업,철강
103,003060,에이프로젠제약,"3,198억원","10,788만주",의약품 제조업,의약품,건강관리
104,003070,코오롱글로벌,"1,701억원","2,521만주",토목 건설업,건설업,"건설,건축관련"
105,003080,성보화학,"1,233억원","2,002만주","비료, 농약 및 살균, 살충제 제조업",화학,화학
106,003090,대웅,"9,593억원","5,814만주",기타 금융업,기타금융업,건강관리
107,003100,선광,"1,158억원",660만주,기타 운송관련 서비스업,여행운송,운송
108,003120,일성신약,"2,521억원",266만주,의약품 제조업,의약품,건강관리
109,003160,디아이,"1,151억원","3,149만주","측정, 시험, 항해, 제어 및 기타 정밀기기 제조업; 광학기기 제외",의료정밀,반도체
110,003200,일신방직,"2,284억원",240만주,방적 및 가공사 제조업,섬유의복,"화장품,의류,완구"
111,003220,대원제약,"3,008억원","1,909만주",의약품 제조업,의약품,건강관리
112,003230,삼양식품,"4,512억원",753만주,기타 식품 제조업,음식료품,필수소비재
113,003240,태광산업,"14,952억원",111만주,화학섬유 제조업,화학,화학
114,003310,대주산업,486억원,"3,539만주",동물용 사료 및 조제식품 제조업,"음식료,담배",필수소비재
115,003380,하림지주,"10,200억원","9,358만주",기타 금융업,금융,필수소비재
116,003460,유화증권,"1,564억원","1,134만주",금융 지원 서비스업,증권,증권
117,003470,유안타증권,"6,916억원","19,959만주",금융 지원 서비스업,증권,증권
118,003490,대한항공,"31,298억원","9,484만주",항공 여객 운송업,운수창고업,운송
119,003520,영진약품,"11,375억원","18,289만주",의약품 제조업,의약품,건강관리
120,003540,대신증권,"6,067억원","5,077만주",금융 지원 서비스업,증권,증권
121,003550,LG,"124,413억원","17,255만주",기타 금융업,기타금융업,"상사,자본재"
122,003580,넥스트사이언스,"1,940억원","2,251만주",기타 비금속광물 광업,미분류,"건설,건축관련"
123,003610,방림,"1,045억원",423만주,직물직조 및 직물제품 제조업,섬유의복,"화장품,의류,완구"
124,003690,코리안리,"11,049억원","12,036만주",재 보험업,보험업,보험
125,003780,진양산업,449억원,"1,300만주",플라스틱제품 제조업,화학,화학
126,003800,에이스침대,"2,550억원","1,109만주",가구 제조업,기타제조,"건설,건축관련"
127,003830,대한화섬,"1,460억원",132만주,화학섬유 제조업,화학,화학
128,003850,보령제약,"4,884억원","4,420만주",의약품 제조업,의약품,건강관리
129,003920,남양유업,"4,644억원",72만주,낙농제품 및 식용빙과류 제조업,음식료품,필수소비재
130,003960,사조대림,"1,364억원",596만주,수산물 가공 및 저장 처리업,음식료품,필수소비재
131,004000,롯데정밀화학,"10,784억원","2,580만주",기초 화학물질 제조업,화학,화학
132,004060,SG세계물산,"1,386억원","20,242만주",상품 종합 도매업,유통업,"화장품,의류,완구"
133,004080,신흥,979억원,960만주,기계장비 및 관련 물품 도매업,유통업,건강관리
134,004140,동방,508억원,"3,346만주",기타 운송관련 서비스업,운수창고업,운송
135,004170,신세계,"27,911억원",984만주,종합 소매업,유통업,소매(유통)
136,004270,남성,501억원,"3,621만주",기타 전문 도매업,유통업,IT하드웨어
137,004360,세방,"2,403억원","1,930만주",도로 화물 운송업,운수창고업,운송
138,004370,농심,"15,297억원",608만주,기타 식품 제조업,음식료품,필수소비재
139,004380,삼익THK,"2,215억원","2,100만주",일반 목적용 기계 제조업,기계,기계
140,004430,송원산업,"4,572억원","2,400만주",기타 화학제품 제조업,화학,화학
141,004450,삼화왕관,939억원,215만주,기타 금속 가공제품 제조업,기계,"비철,목재등"
142,004490,세방전지,"5,173억원","1,400만주",일차전지 및 축전지 제조업,전기전자,자동차
143,004540,깨끗한나라,"1,256억원","3,724만주","펄프, 종이 및 판지 제조업",종이목재,"비철,목재등"
144,004590,한국가구,645억원,300만주,생활용품 도매업,도매,필수소비재
145,004650,창해에탄올,"1,231억원",919만주,알코올음료 제조업,"음식료,담배",필수소비재
146,004690,삼천리,"3,718억원",405만주,연료용 가스 제조 및 배관공급업,전기가스업,유틸리티
147,004700,조광피혁,"2,430억원",664만주,"가죽, 가방 및 유사제품 제조업",미분류,"화장품,의류,완구"
148,004770,써니전자,634억원,"2,997만주",반도체 제조업,전기전자,IT하드웨어
149,004780,대륙제관,745억원,"1,590만주",기타 금속 가공제품 제조업,금속,"비철,목재등"
150,004830,덕성,511억원,"1,568만주",플라스틱제품 제조업,화학,"화장품,의류,완구"
151,004840,DRB동일,"1,268억원","1,948만주",기타 금융업,기타금융업,자동차
152,004870,티웨이홀딩스,"1,991억원","7,543만주",반도체 제조업,비금속광물,운송
153,004890,동일산업,"1,455억원",242만주,1차 철강 제조업,철강금속,철강
154,004910,조광페인트,776억원,"1,280만주",기타 화학제품 제조업,화학,"건설,건축관련"
155,004920,씨아이테크,266억원,"4,921만주",그외 기타 제품 제조업,미분류,IT하드웨어
156,004970,신라교역,"2,024억원","1,600만주",어로 어업,미분류,필수소비재
157,004980,성신양회,"2,520억원","2,400만주","시멘트, 석회, 플라스터 및 그 제품 제조업",비금속광물,"건설,건축관련"
158,004990,롯데지주,"66,326억원","11,656만주",기타 금융업,기타금융업,필수소비재
159,005030,부산주공,228억원,"4,234만주",자동차 신품 부품 제조업,운수장비,자동차
160,005070,코스모신소재,"3,742억원","1,974만주",기타 화학제품 제조업,화학,화학
161,005160,동국산업,"1,339억원","5,424만주",1차 철강 제조업,금속,철강
162,005180,빙그레,"7,102억원",985만주,낙농제품 및 식용빙과류 제조업,음식료품,필수소비재
163,005250,녹십자홀딩스,"11,710억원","4,702만주",회사 본부 및 경영 컨설팅 서비스업,서비스업,건강관리
164,005290,동진쎄미켐,"4,144억원","5,141만주",기초 화학물질 제조업,반도체,반도체
165,005320,국동,327억원,"1,374만주",생활용품 도매업,유통업,"화장품,의류,완구"
166,005360,모나미,491억원,"1,889만주",생활용품 도매업,유통업,"화장품,의류,완구"
167,005390,신성통상,"1,425억원","14,370만주",기타 전문 도매업,유통업,"화장품,의류,완구"
168,005420,코스모화학,"2,368억원","1,584만주",기타 화학제품 제조업,화학,화학
169,005500,삼진제약,"5,580억원","1,390만주",의약품 제조업,의약품,건강관리
170,005610,SPC삼립,"11,390억원",862만주,기타 식품 제조업,음식료품,필수소비재
171,005670,푸드웰,418억원,800만주,"과실, 채소 가공 및 저장 처리업","음식료,담배",필수소비재
172,005690,파미셀,"8,783억원","5,995만주",기초 의약물질 및 생물학적 제제 제조업,의약품,화학
173,005710,대원산업,"1,126억원","2,003만주",자동차 신품 부품 제조업,"운송장비,부품",자동차
174,005720,넥센,"3,025억원","5,354만주",고무제품 제조업,화학,자동차
175,005740,크라운해태홀딩스,"1,751억원","1,484만주",기타 금융업,기타금융업,필수소비재
176,005800,신영와코루,"1,170억원",90만주,봉제의복 제조업,섬유의복,"화장품,의류,완구"
177,005810,풍산홀딩스,"2,789억원",783만주,기타 금융업,기타금융업,"비철,목재등"
178,005820,원림,399억원,220만주,편조원단 제조업,섬유의복,"비철,목재등"
179,005830,DB손해보험,"51,613억원","7,080만주",보험업,보험업,보험
180,005850,에스엘,"5,638억원","3,386만주",자동차 신품 부품 제조업,운수장비,자동차
181,005880,대한해운,"5,239억원","2,442만주",해상 운송업,운수창고업,운송
182,005930,삼성전자,"2,744,261억원","641,932만주",통신 및 방송 장비 제조업,전기전자,반도체
183,005940,NH투자증권,"38,271억원","28,140만주",금융 지원 서비스업,증권,증권
184,005950,이수화학,"1,588억원","1,527만주",기초 화학물질 제조업,화학,화학
185,005960,동부건설,"1,494억원","2,086만주",토목 건설업,건설업,"건설,건축관련"
186,005990,매일홀딩스,"1,502억원","1,371만주",낙농제품 및 식용빙과류 제조업,"음식료,담배",필수소비재
187,006040,동원산업,"6,625억원",336만주,어로 어업,미분류,필수소비재
188,006050,국영지앤엠,509억원,"3,489만주",유리 및 유리제품 제조업,비금속,"건설,건축관련"
189,006090,사조오양,921억원,942만주,수산물 가공 및 저장 처리업,음식료품,필수소비재
190,006110,삼아알미늄,500억원,"1,100만주",1차 비철금속 제조업,철강금속,"비철,목재등"
191,006120,SK디스커버리,"5,501억원","1,903만주",기타 금융업,기타금융업,에너지
192,006140,피제이전자,663억원,"1,500만주",의료용 기기 제조업,"의료,정밀기기",건강관리
193,006220,제주은행,"1,098억원","2,212만주",은행 및 저축기관,은행,은행
194,006260,LS,"17,130억원","3,220만주",기타 금융업,기타금융업,기계
195,006280,녹십자,"16,828억원","1,168만주",의약품 제조업,의약품,건강관리
196,006340,대원전선,"1,076억원","6,810만주",절연선 및 케이블 제조업,전기전자,기계
197,006360,GS건설,"33,093억원","7,926만주",건물 건설업,건설업,"건설,건축관련"
198,006370,대구백화점,969억원,"1,082만주",종합 소매업,유통업,소매(유통)
199,006380,카프로,"1,918억원","4,000만주",기초 화학물질 제조업,화학,화학
200,006400,삼성SDI,"144,061억원","6,876만주",일차전지 및 축전지 제조업,전기전자,IT가전
201,006490,인스코비,"6,119억원","8,972만주",전기 통신업,통신업,통신서비스
202,006570,대림통상,624억원,"1,522만주",기타 금속 가공제품 제조업,기계,"건설,건축관련"
203,006580,대양제지,"1,009억원","2,685만주","펄프, 종이 및 판지 제조업","종이,목재","비철,목재등"
204,006620,동구바이오제약,"1,949억원",960만주,의약품 제조업,제약,건강관리
205,006650,대한유화,"10,660억원",650만주,기초 화학물질 제조업,화학,화학
206,006660,삼성공조,717억원,812만주,자동차 신품 부품 제조업,운수장비,자동차
207,006730,서부T&D,"4,704억원","5,187만주",상품 종합 도매업,"숙박,음식","호텔,레저서비스"
208,006740,영풍제지,743억원,"2,220만주","골판지, 종이 상자 및 종이용기 제조업",종이목재,"비철,목재등"
209,006840,AK홀딩스,"6,504억원","1,324만주",기타 금융업,기타금융업,화학
210,006880,신송홀딩스,502억원,"1,182만주",산업용 농·축산물 및 동·식물 도매업,유통업,필수소비재
211,006910,보성파워텍,"1,141억원","4,585만주","구조용 금속제품, 탱크 및 증기발생기 제조업",금속,기계
212,006920,모헨즈,587억원,"1,092만주","시멘트, 석회, 플라스터 및 그 제품 제조업",비금속,"건설,건축관련"
213,007070,GS리테일,"27,065억원","7,700만주",종합 소매업,유통업,소매(유통)
214,007110,일신석재,"1,293억원","7,745만주","건축자재, 철물 및 난방장치 도매업",유통업,"건설,건축관련"
215,007120,미래아이앤지,495억원,"10,358만주","컴퓨터 프로그래밍, 시스템 통합 및 관리업",서비스업,소프트웨어
216,007160,사조산업,"2,635억원",500만주,어로 어업,미분류,필수소비재
217,007210,벽산,"1,552억원","6,856만주",기타 비금속 광물제품 제조업,비금속광물,"건설,건축관련"
218,007310,오뚜기,"25,921억원",360만주,기타 식품 제조업,음식료품,필수소비재
219,007330,푸른저축은행,"1,256억원","1,508만주",은행 및 저축기관,금융,은행
220,007340,디티알오토모티브,"3,078억원",999만주,일차전지 및 축전지 제조업,전기전자,자동차
221,007370,진양제약,463억원,"1,200만주",의약품 제조업,제약,건강관리
222,007390,네이처셀,"7,003억원","5,305만주",기초 의약물질 및 생물학적 제제 제조업,제약,필수소비재
223,007530,영신금속,218억원,"1,283만주",기타 금속 가공제품 제조업,금속,자동차
224,007540,샘표,"1,207억원",287만주,기타 금융업,기타금융업,필수소비재
225,007570,일양약품,"5,694억원","1,904만주",의약품 제조업,의약품,건강관리
226,007590,동방아그로,900억원,"1,361만주","비료, 농약 및 살균, 살충제 제조업",화학,화학
227,007610,선도전기,764억원,"1,800만주","전동기, 발전기 및 전기 변환 · 공급 · 제어 장치 제조업",전기전자,기계
228,007630,폴루스바이오팜,"2,549억원","3,163만주",통신 및 방송 장비 제조업,유통업,"화장품,의류,완구"
229,007660,이수페타시스,"2,579억원","4,126만주",전자부품 제조업,전기전자,IT하드웨어
230,007680,대원,"1,331억원","1,105만주",건물 건설업,종합건설,"건설,건축관련"
231,007690,국도화학,"2,730억원",581만주,기초 화학물질 제조업,화학,화학
232,007810,코리아써키트,"1,211억원","2,362만주",전자부품 제조업,전기전자,IT하드웨어
233,007820,에스엠코어,"1,813억원","2,003만주",일반 목적용 기계 제조업,"기계,장비",기계
234,007860,서연,847억원,"2,347만주",기타 금융업,기타금융업,자동차
235,007980,태평양물산,"1,390억원","4,991만주",봉제의복 제조업,섬유의복,"화장품,의류,완구"
236,008040,사조동아원,"1,707억원","14,114만주","곡물가공품, 전분 및 전분제품 제조업",음식료품,필수소비재
237,008110,대동전자,355억원,"1,049만주",통신 및 방송 장비 제조업,전기전자,IT하드웨어
238,008250,이건산업,"1,071억원","1,050만주",나무제품 제조업,종이목재,"건설,건축관련"
239,008260,NI스틸,699억원,"2,860만주",1차 철강 제조업,철강금속,철강
240,008290,원풍물산,"1,301억원","3,839만주",봉제의복 제조업,"섬유,의류","화장품,의류,완구"
241,008350,남선알미늄,"1,834억원","11,017만주",1차 비철금속 제조업,철강금속,"건설,건축관련"
242,008370,원풍,421억원,"1,200만주",플라스틱제품 제조업,화학,화학
243,008420,문배철강,619억원,"2,050만주",1차 철강 제조업,철강금속,철강
244,008470,부스타,482억원,840만주,"구조용 금속제품, 탱크 및 증기발생기 제조업",금속,기계
245,008490,서흥,"2,730억원","1,156만주",기타 화학제품 제조업,화학,건강관리
246,008500,일정실업,191억원,120만주,편조원단 제조업,섬유의복,자동차
247,008600,윌비스,649억원,"5,700만주",생활용품 도매업,유통업,"화장품,의류,완구"
248,008700,아남전자,"2,066억원","7,712만주",영상 및 음향기기 제조업,전기전자,IT가전
249,008730,율촌화학,"3,062억원","2,480만주",플라스틱제품 제조업,화학,"비철,목재등"
250,008830,대동기어,227억원,89만주,특수 목적용 기계 제조업,"기계,장비",기계
251,008870,금비,654억원,100만주,유리 및 유리제품 제조업,비금속광물,"비철,목재등"
252,008970,동양철관,"1,448억원","8,888만주",1차 철강 제조업,철강금속,철강
253,009140,경인전자,365억원,157만주,전자부품 제조업,전기전자,IT가전
254,009150,삼성전기,"81,416억원","7,469만주",전자부품 제조업,전기전자,IT하드웨어
255,009160,SIMPAC,"1,596억원","6,542만주",특수 목적용 기계 제조업,기계,기계
256,009190,대양금속,515억원,"1,231만주",1차 철강 제조업,철강금속,"비철,목재등"
257,009200,무림페이퍼,"1,302억원","4,160만주","펄프, 종이 및 판지 제조업",종이목재,"비철,목재등"
258,009270,신원,"1,415억원","7,673만주",봉제의복 제조업,섬유의복,"화장품,의류,완구"
259,009290,광동제약,"3,365억원","5,242만주",의약품 제조업,의약품,건강관리
260,009300,삼아제약,"1,070억원",637만주,의약품 제조업,제약,건강관리
261,009310,참엔지니어링,892억원,"4,918만주",특수 목적용 기계 제조업,기계,디스플레이
262,009320,대우부품,790억원,"4,764만주",자동차 신품 부품 제조업,운수장비,자동차
263,009410,태영건설,"7,716억원","7,640만주",토목 건설업,건설업,"건설,건축관련"
264,009440,KC그린홀딩스,833억원,"2,243만주",기타 금융업,기타금융업,기계
265,009450,경동나비엔,"5,420억원","1,273만주",가정용 기기 제조업,전기전자,"화장품,의류,완구"
266,009470,삼화전기,"1,412억원",661만주,전자부품 제조업,전기전자,IT가전
267,009520,포스코엠텍,"2,694억원","4,164만주",1차 철강 제조업,금속,철강
268,009580,무림P&P,"4,222억원","6,236만주","펄프, 종이 및 판지 제조업",종이목재,"비철,목재등"
269,009620,삼보산업,249억원,412만주,1차 비철금속 제조업,금속,"비철,목재등"
270,009680,모토닉,"2,821억원","3,300만주",자동차 신품 부품 제조업,운수장비,자동차
271,009730,코센,429억원,"4,173만주",1차 철강 제조업,금속,"비철,목재등"
272,009770,삼정펄프,833억원,249만주,"펄프, 종이 및 판지 제조업",종이목재,필수소비재
273,009780,엠에스씨,"1,247억원","1,760만주",기타 식품 제조업,"음식료,담배",필수소비재
274,009970,영원무역홀딩스,"8,549억원","1,363만주",기타 금융업,기타금융업,"화장품,의류,완구"
275,010050,우리종금,"5,380억원","67,420만주",기타 금융업,기타금융업,은행
276,010060,OCI,"23,706억원","2,384만주",기초 화학물질 제조업,화학,화학
277,010130,고려아연,"82,273억원","1,887만주",1차 비철금속 제조업,철강금속,"비철,목재등"
278,010140,삼성중공업,"48,888억원","63,000만주",선박 및 보트 건조업,운수장비,조선
279,010170,대한광통신,"3,572억원","7,374만주",절연선 및 케이블 제조업,일반전기전자,기계
280,010280,쌍용정보통신,434억원,"4,046만주","컴퓨터 프로그래밍, 시스템 통합 및 관리업",컴퓨터서비스,소프트웨어
281,010470,오리콤,557억원,"1,149만주",광고업,전문기술,"미디어,교육"
282,010580,지코,358억원,"5,052만주",자동차 신품 부품 제조업,운수장비,자동차
283,010600,웰바이오텍,"1,714억원","2,316만주",상품 중개업,유통업,"화장품,의류,완구"
284,010770,평화홀딩스,582억원,"1,462만주",자동차 신품 부품 제조업,운수장비,자동차
285,010780,아이에스동서,"9,240억원","3,085만주","내화, 비내화 요업제품 제조업",비금속광물,"건설,건축관련"
286,010820,퍼스텍,"1,517억원","4,676만주",무기 및 총포탄 제조업,기계,"상사,자본재"
287,010950,S-Oil,"126,655억원","11,258만주",석유 정제품 제조업,화학,에너지
288,010960,삼호개발,"1,172억원","2,500만주",기반조성 및 시설물 축조관련 전문공사업,건설업,"건설,건축관련"
289,011000,진원생명과학,"1,071억원","2,117만주",의약품 제조업,의약품,건강관리
290,011040,경동제약,"3,252억원","2,655만주",의약품 제조업,제약,건강관리
291,011070,LG이노텍,"22,957억원","2,366만주",전자부품 제조업,전기전자,IT하드웨어
292,011090,에넥스,671억원,"5,999만주",가구 제조업,미분류,"건설,건축관련"
293,011150,CJ씨푸드,851억원,"3,593만주",기타 식품 제조업,음식료품,필수소비재
294,011170,롯데케미칼,"95,628억원","3,427만주",기초 화학물질 제조업,화학,화학
295,011280,태림포장,"2,287억원","7,080만주","골판지, 종이 상자 및 종이용기 제조업",종이목재,"비철,목재등"
296,011300,성안,324억원,"5,685만주",직물직조 및 직물제품 제조업,섬유의복,"화장품,의류,완구"
297,011320,유니크,707억원,"1,932만주",자동차 신품 부품 제조업,"운송장비,부품",자동차
298,011330,유니켐,888억원,"5,962만주","가죽, 가방 및 유사제품 제조업",미분류,"화장품,의류,완구"
299,011370,서한,"1,800억원","10,089만주",건물 건설업,종합건설,"건설,건축관련"
300,011390,부산산업,"1,726억원",105만주,"시멘트, 석회, 플라스터 및 그 제품 제조업",비금속광물,"건설,건축관련"
301,011420,갤럭시아에스엠,418억원,"2,754만주",스포츠 서비스업,서비스업,"미디어,교육"
302,011560,세보엠이씨,890억원,"1,053만주",건물설비 설치 공사업,전문건설,"건설,건축관련"
303,011790,SKC,"13,062억원","3,753만주",기타 화학제품 제조업,화학,화학
304,011810,STX,"2,611억원","1,845만주",상품 종합 도매업,유통업,"상사,자본재"
305,011930,신성이엔지,"1,946억원","17,299만주",반도체 제조업,전기전자,반도체
306,012030,DB,"1,744억원","20,117만주","컴퓨터 프로그래밍, 시스템 통합 및 관리업",서비스업,소프트웨어
307,012200,계양전기,"1,039억원","3,260만주",일반 목적용 기계 제조업,기계,자동차
308,012280,영화금속,581억원,"4,545만주",자동차 신품 부품 제조업,운수장비,자동차
309,012320,경동인베스트,917억원,236만주,석탄 광업,기타금융업,에너지
310,012340,뉴인텍,341억원,"4,912만주",전자부품 제조업,IT부품,IT가전
311,012510,더존비즈온,"13,174억원","2,967만주","컴퓨터 프로그래밍, 시스템 통합 및 관리업",서비스업,소프트웨어
312,012610,경인양행,"2,419억원","4,039만주",기초 화학물질 제조업,화학,화학
313,012620,원일특강,431억원,440만주,1차 철강 제조업,금속,철강
314,012630,HDC,"10,932억원","5,974만주",기타 금융업,기타금융업,"건설,건축관련"
315,012690,모나리자,"1,375억원","3,657만주",기타 종이 및 판지 제품 제조업,종이목재,필수소비재
316,012700,리드코프,"1,514억원","2,674만주",기타 전문 도매업,도매,은행
317,012750,에스원,"36,631억원","3,799만주","경비, 경호 및 탐정업",서비스업,"상사,자본재"
318,012790,신일제약,781억원,790만주,의약품 제조업,제약,건강관리
319,012800,대창,833억원,"9,114만주",1차 비철금속 제조업,철강금속,"비철,목재등"
320,013000,세우글로벌,390억원,"2,369만주",기타 전문 도매업,유통업,소매(유통)
321,013030,하이록코리아,"2,525억원","1,361만주",1차 철강 제조업,금속,기계
322,013120,동원개발,"3,550억원","9,080만주",건물 건설업,종합건설,"건설,건축관련"
323,013310,아진산업,563억원,"2,973만주",자동차 신품 부품 제조업,"운송장비,부품",자동차
324,013360,일성건설,629억원,"5,402만주",토목 건설업,건설업,"건설,건축관련"
325,013570,디와이,"1,423억원","2,631만주",기타 금융업,기타금융업,기계
326,013700,까뮤이앤씨,458억원,"4,515만주",건물 건설업,건설업,"건설,건축관련"
327,013810,스페코,548억원,"1,465만주",특수 목적용 기계 제조업,"기계,장비",기계
328,013870,지엠비코리아,"1,235억원","1,907만주",자동차 신품 부품 제조업,운수장비,자동차
329,013990,아가방컴퍼니,"1,312억원","3,288만주",생활용품 도매업,도매,"화장품,의류,완구"
330,014160,대영포장,986억원,"10,839만주","골판지, 종이 상자 및 종이용기 제조업",종이목재,"비철,목재등"
331,014190,원익큐브,996억원,"3,539만주",기타 전문 도매업,도매,화학
332,014200,광림,"1,309억원","4,849만주",자동차용 엔진 및 자동차 제조업,"운송장비,부품",기계
333,014280,금강공업,"1,024억원",485만주,1차 철강 제조업,철강금속,"건설,건축관련"
334,014440,영보화학,721억원,"2,000만주",플라스틱제품 제조업,화학,화학
335,014470,부방,976억원,"4,729만주",기타 금융업,금융,"화장품,의류,완구"
336,014530,극동유화,"1,168억원","3,486만주",석유 정제품 제조업,화학,에너지
337,014570,고려제약,814억원,"1,100만주",의약품 제조업,제약,건강관리
338,014620,성광벤드,"3,360억원","2,860만주",1차 철강 제조업,금속,기계
339,014710,사조씨푸드,"1,086억원","1,721만주",수산물 가공 및 저장 처리업,음식료품,필수소비재
340,014820,동원시스템즈,"7,096억원","2,561만주",플라스틱제품 제조업,화학,"비철,목재등"
341,014830,유니드,"3,404억원",888만주,기초 화학물질 제조업,화학,화학
342,014910,성문전자,502억원,"1,948만주",전자부품 제조업,전기전자,IT가전
343,014940,오리엔탈정공,350억원,"4,557만주",일반 목적용 기계 제조업,"기계,장비",조선
344,014970,삼륭물산,638억원,"1,512만주","골판지, 종이 상자 및 종이용기 제조업","종이,목재","비철,목재등"
345,014990,인디에프,"1,320억원","5,893만주",봉제의복 제조업,섬유의복,"화장품,의류,완구"
346,015020,이스타코,274억원,"4,285만주",부동산 임대 및 공급업,서비스업,"미디어,교육"
347,015230,대창단조,810억원,200만주,자동차 신품 부품 제조업,운수장비,기계
348,015260,에이엔피,354억원,"8,278만주",전자부품 제조업,전기전자,IT하드웨어
349,015360,예스코홀딩스,"2,475억원",600만주,기타 금융업,기타금융업,유틸리티
350,015590,큐로,735억원,"12,473만주",일반 목적용 기계 제조업,기계,기계
351,015710,코콤,"1,150억원","1,753만주",통신 및 방송 장비 제조업,통신장비,IT하드웨어
352,015750,성우하이텍,"2,800억원","8,000만주",자동차 신품 부품 제조업,"운송장비,부품",자동차
353,015860,일진홀딩스,"1,485억원","4,934만주",기타 금융업,기타금융업,기계
354,015890,태경산업,"1,619억원","2,922만주",기초 화학물질 제조업,화학,"비철,목재등"
355,016090,대현,930억원,"4,528만주",봉제의복 제조업,섬유의복,"화장품,의류,완구"
356,016100,리더스코스메틱,"2,180억원","1,817만주",기타 화학제품 제조업,화학,"화장품,의류,완구"
357,016360,삼성증권,"26,120억원","8,930만주",금융 지원 서비스업,증권,증권
358,016590,신대양제지,"2,587억원",402만주,"골판지, 종이 상자 및 종이용기 제조업",종이목재,"비철,목재등"
359,016600,큐캐피탈,"1,003억원","13,999만주",기타 금융업,금융,은행
360,016610,DB금융투자,"1,829억원","4,244만주",금융 지원 서비스업,증권,증권
361,016710,대성홀딩스,"1,039억원","1,608만주",회사 본부 및 경영 컨설팅 서비스업,서비스업,유틸리티
362,016740,두올,790억원,"2,706만주",자동차 신품 부품 제조업,운수장비,자동차
363,016800,퍼시스,"3,432억원","1,150만주",가구 제조업,미분류,"건설,건축관련"
364,016880,웅진,"1,598억원","7,267만주",기타 금융업,기타금융업,"상사,자본재"
365,016920,카스,289억원,"2,147만주",기계장비 및 관련 물품 도매업,도매,IT하드웨어
366,017000,신원종합개발,345억원,"1,006만주",건물 건설업,종합건설,"건설,건축관련"
367,017040,광명전기,"1,115억원","4,333만주","전동기, 발전기 및 전기 변환 · 공급 · 제어 장치 제조업",전기전자,기계
368,017180,명문제약,"1,396억원","2,454만주",의약품 제조업,의약품,건강관리
369,017250,인터엠,572억원,"2,104만주",영상 및 음향기기 제조업,일반전기전자,IT하드웨어
370,017370,우신시스템,"1,183억원","1,831만주",특수 목적용 기계 제조업,기계,자동차
371,017480,삼현철강,718억원,"1,570만주",1차 철강 제조업,금속,철강
372,017510,세명전기,"1,048억원","1,524만주",기타 금속 가공제품 제조업,금속,기계
373,017550,수산중공업,831억원,"5,398만주",특수 목적용 기계 제조업,기계,기계
374,017650,대림제지,805억원,"4,500만주",기타 종이 및 판지 제품 제조업,"종이,목재","비철,목재등"
375,017670,SK텔레콤,"229,317억원","8,074만주",전기 통신업,통신업,통신서비스
376,017810,풀무원,"3,268억원",380만주,기타 식품 제조업,음식료품,필수소비재
377,017900,광전자,"1,158억원","5,794만주",반도체 제조업,전기전자,IT하드웨어
378,017940,E1,"4,143억원",686만주,기타 전문 도매업,유통업,유틸리티
379,018000,유니슨,"1,549억원","9,360만주",일반 목적용 기계 제조업,"기계,장비",기계
380,018120,진로발효,"2,253억원",752만주,알코올음료 제조업,"음식료,담배",필수소비재
381,018250,애경산업,"13,159억원","2,626만주",기타 화학제품 제조업,화학,"화장품,의류,완구"
382,018260,삼성에스디에스,"144,309억원","7,737만주","컴퓨터 프로그래밍, 시스템 통합 및 관리업",서비스업,소프트웨어
383,018310,삼목에스폼,"1,661억원","1,470만주","구조용 금속제품, 탱크 및 증기발생기 제조업",금속,"건설,건축관련"
384,018470,조일알미늄,679억원,"6,960만주",1차 비철금속 제조업,철강금속,"비철,목재등"
385,018500,동원금속,403억원,"4,675만주",자동차 신품 부품 제조업,운수장비,자동차
386,018620,우진비앤지,469억원,"1,621만주",의약품 제조업,제약,건강관리
387,018670,SK가스,"6,790억원",905만주,기타 전문 도매업,유통업,유틸리티
388,018680,서울제약,649억원,848만주,의약품 제조업,제약,건강관리
389,018700,바른손,365억원,"1,641만주","영화, 비디오물, 방송프로그램 제작 및 배급업","오락,문화","미디어,교육"
390,019170,신풍제약,"3,793억원","5,298만주",의약품 제조업,의약품,건강관리
391,019180,티에이치엔,376억원,"1,800만주",기타 전기장비 제조업,전기전자,자동차
392,019210,와이지-원,"2,879억원","3,050만주",기타 금속 가공제품 제조업,금속,기계
393,019440,세아특수강,"1,319억원",857만주,1차 철강 제조업,철강금속,철강
394,019540,일지테크,310억원,"1,351만주",자동차 신품 부품 제조업,"운송장비,부품",자동차
395,019550,SBI인베스트먼트,"1,264억원","16,206만주",신탁업 및 집합투자업,금융,은행
396,019590,엠벤처투자,695억원,"11,848만주",신탁업 및 집합투자업,금융,은행
397,019660,글로본,"1,149억원","2,800만주",상품 종합 도매업,도매,"화장품,의류,완구"
398,019680,대교,"5,759억원","8,470만주",초등 교육기관,서비스업,"미디어,교육"
399,019770,서연탑메탈,326억원,"1,165만주",특수 목적용 기계 제조업,"기계,장비",자동차
400,019990,에너토크,410억원,975만주,일반 목적용 기계 제조업,"기계,장비",기계
401,020120,키다리스튜디오,391억원,"1,583만주","자료처리, 호스팅, 포털 및 기타 인터넷 정보매개 서비스업",서비스업,소프트웨어
402,020150,일진머티리얼즈,"21,925억원","4,611만주",전자부품 제조업,전기전자,IT하드웨어
403,020180,대신정보통신,457억원,"3,842만주","컴퓨터 프로그래밍, 시스템 통합 및 관리업",컴퓨터서비스,소프트웨어
404,020400,대동금속,189억원,48만주,금속 주조업,금속,자동차
405,020560,아시아나항공,"8,835억원","20,523만주",항공 여객 운송업,운수창고업,운송
406,020710,시공테크,"1,218억원","2,004만주",전문디자인업,전문기술,"호텔,레저서비스"
407,020760,일진디스플,"1,066억원","2,831만주",반도체 제조업,전기전자,디스플레이
408,021050,서원,505억원,"4,747만주",금속 주조업,철강금속,"비철,목재등"
409,021080,에이티넘인베스트,"1,060억원","4,800만주",신탁업 및 집합투자업,금융,은행
410,021240,코웨이,"54,168억원","7,379만주",그외 기타 개인 서비스업,서비스업,"화장품,의류,완구"
411,021320,KCC건설,"1,521억원","2,140만주",건물 건설업,종합건설,"건설,건축관련"
412,021820,세원정공,741억원,"1,000만주",자동차 신품 부품 제조업,운수장비,자동차
413,021880,메이슨캐피탈,406억원,"9,918만주",기타 금융업,금융,은행
414,022100,포스코 ICT,"8,392억원","15,203만주","건축기술, 엔지니어링 및 관련 기술 서비스업",전문기술,소프트웨어
415,022220,정산애강,"1,012억원","5,179만주",플라스틱제품 제조업,화학,"건설,건축관련"
416,023000,삼원강재,"1,120억원","4,000만주",자동차 신품 부품 제조업,운수장비,자동차
417,023150,MH에탄올,394억원,737만주,알코올음료 제조업,음식료품,필수소비재
418,023160,태광,"3,219억원","2,650만주",1차 철강 제조업,금속,기계
419,023410,유진기업,"4,496억원","7,712만주","시멘트, 석회, 플라스터 및 그 제품 제조업",비금속,"건설,건축관련"
420,023440,제일제강,382억원,"2,603만주",1차 철강 제조업,금속,철강
421,023450,동남합성,788억원,131만주,기초 화학물질 제조업,화학,화학
422,023460,CNH,513억원,"3,720만주",신탁업 및 집합투자업,금융,은행
423,023530,롯데쇼핑,"64,356억원","2,828만주",종합 소매업,유통업,소매(유통)
424,023590,다우기술,"8,928억원","4,486만주","자료처리, 호스팅, 포털 및 기타 인터넷 정보매개 서비스업",서비스업,소프트웨어
425,023600,삼보판지,"1,396억원","1,470만주","펄프, 종이 및 판지 제조업","종이,목재","비철,목재등"
426,023770,플레이위드,219억원,346만주,소프트웨어 개발 및 공급업,디지털컨텐츠,소프트웨어
427,023790,동일철강,270억원,734만주,1차 철강 제조업,금속,철강
428,023800,인지컨트롤스,768억원,"1,516만주",자동차 신품 부품 제조업,운수장비,자동차
429,023810,인팩,321억원,"1,000만주",자동차 신품 부품 제조업,운수장비,자동차
430,023900,풍국주정,"1,157억원","1,260만주",알코올음료 제조업,"음식료,담배",필수소비재
431,023910,대한약품,"2,424억원",600만주,의약품 제조업,제약,건강관리
432,023960,에쓰씨엔지니어링,406억원,"2,501만주",토목 건설업,건설업,"건설,건축관련"
433,024070,WISCOM,392억원,"1,502만주",플라스틱제품 제조업,화학,화학
434,024090,디씨엠,"1,398억원","1,170만주",1차 철강 제조업,철강금속,"비철,목재등"
435,024110,기업은행,"83,716억원","55,997만주",은행 및 저축기관,은행,은행
436,024120,KB오토시스,603억원,"1,150만주",자동차 신품 부품 제조업,"운송장비,부품",자동차
437,024800,유성티엔에스,757억원,"2,721만주",육상 여객 운송업,육상운송,운송
438,024810,이화전기,"1,619억원","60,203만주","전동기, 발전기 및 전기 변환 · 공급 · 제어 장치 제조업",IT부품,기계
439,024830,세원물산,434억원,835만주,자동차 신품 부품 제조업,"운송장비,부품",자동차
440,024850,피에스엠씨,332억원,"3,872만주",전자부품 제조업,반도체,반도체
441,024880,케이피에프,631억원,"1,572만주",기타 금속 가공제품 제조업,금속,기계
442,024890,대원화성,591억원,"4,124만주",플라스틱제품 제조업,화학,"화장품,의류,완구"
443,024900,덕양산업,394억원,"3,256만주",자동차 신품 부품 제조업,운수장비,자동차
444,024910,경창산업,562억원,"3,581만주",자동차 신품 부품 제조업,"운송장비,부품",자동차
445,024940,PN풍년,226억원,"1,000만주",기타 금속 가공제품 제조업,금속,"화장품,의류,완구"
446,024950,삼천리자전거,826억원,"1,327만주",생활용품 도매업,도매,"화장품,의류,완구"
447,025000,KPX케미칼,"2,516억원",484만주,기초 화학물질 제조업,화학,화학
448,025320,시노펙스,"1,932억원","7,014만주",전자부품 제조업,IT부품,IT하드웨어
449,025440,대성엘텍,749억원,"9,966만주",영상 및 음향기기 제조업,일반전기전자,자동차
450,025560,미래산업,"1,180억원","63,481만주","측정, 시험, 항해, 제어 및 기타 정밀기기 제조업; 광학기기 제외",의료정밀,반도체
451,025620,제이준코스메틱,"3,103억원","2,652만주",기타 화학제품 제조업,화학,"화장품,의류,완구"
452,025820,이구산업,630억원,"3,344만주",1차 비철금속 제조업,철강금속,"비철,목재등"
453,025860,남해화학,"5,688억원","4,967만주","비료, 농약 및 살균, 살충제 제조업",화학,화학
454,025870,신라에스지,193억원,400만주,음·식료품 및 담배 도매업,도매,필수소비재
455,025880,케이씨피드,356억원,"1,671만주",동물용 사료 및 조제식품 제조업,"음식료,담배",필수소비재
456,025900,동화기업,"3,711억원","1,435만주",나무제품 제조업,"종이,목재","건설,건축관련"
457,025950,동신건설,489억원,840만주,토목 건설업,종합건설,"건설,건축관련"
458,025980,아난티,"7,894억원","8,232만주",스포츠 서비스업,"숙박,음식","호텔,레저서비스"
459,026040,제이에스티나,922억원,"1,650만주",귀금속 및 장신용품 제조업,기타제조,"화장품,의류,완구"
460,026150,특수건설,752억원,"1,499만주",토목 건설업,종합건설,"건설,건축관련"
461,026890,디피씨,"3,175억원","4,167만주","전동기, 발전기 및 전기 변환 · 공급 · 제어 장치 제조업",전기전자,IT가전
462,026910,광진실업,215억원,640만주,1차 철강 제조업,금속,철강
463,026940,부국철강,592억원,"2,000만주",1차 철강 제조업,철강금속,철강
464,026960,동서,"18,045억원","9,970만주",음·식료품 및 담배 도매업,유통업,필수소비재
465,027040,서울전자통신,864억원,"6,476만주",그외 기타 제품 제조업,도매,IT가전
466,027050,코리아나,"1,820억원","4,000만주",기타 화학제품 제조업,화학,"화장품,의류,완구"
467,027410,BGF,"7,629억원","9,536만주",기타 금융업,기타금융업,소매(유통)
468,027580,상보,508억원,"2,833만주",전자부품 제조업,화학,디스플레이
469,027710,팜스토리,976억원,"8,834만주",동물용 사료 및 조제식품 제조업,"음식료,담배",필수소비재
470,027740,마니커,"1,047억원","13,306만주","도축, 육류 가공 및 저장 처리업",음식료품,필수소비재
471,027830,대성창투,696억원,"4,000만주",신탁업 및 집합투자업,금융,은행
472,027970,세하,378억원,"2,956만주","펄프, 종이 및 판지 제조업",종이목재,"비철,목재등"
473,028050,삼성엔지니어링,"35,574억원","19,600만주","건축기술, 엔지니어링 및 관련 기술 서비스업",서비스업,"건설,건축관련"
474,028100,동아지질,"1,627억원","1,150만주",기반조성 및 시설물 축조관련 전문공사업,건설업,"건설,건축관련"
475,028260,삼성물산,"196,329억원","18,969만주",기타 전문 도매업,유통업,"상사,자본재"
476,028300,에이치엘비,"32,298억원","3,910만주",선박 및 보트 건조업,"운송장비,부품",조선
477,028670,팬오션,"23,280억원","53,456만주",해상 운송업,운수창고업,운송
478,029460,케이씨,"1,904억원","1,355만주","측정, 시험, 항해, 제어 및 기타 정밀기기 제조업; 광학기기 제외",의료정밀,반도체
479,029530,신도리코,"4,798억원","1,008만주",컴퓨터 및 주변장치 제조업,전기전자,IT하드웨어
480,029780,삼성카드,"38,696억원","11,585만주",기타 금융업,기타금융업,은행
481,029960,코엔텍,"3,805억원","5,000만주",폐기물 처리업,환경,"상사,자본재"
482,030000,제일기획,"26,401억원","11,504만주",광고업,서비스업,"미디어,교육"
483,030190,NICE평가정보,"6,891억원","6,071만주",기타 정보 서비스업,기타서비스,"상사,자본재"
484,030210,KTB투자증권,"1,981억원","6,031만주",금융 지원 서비스업,증권,증권
485,030350,드래곤플라이,508억원,"1,600만주",소프트웨어 개발 및 공급업,디지털컨텐츠,소프트웨어
486,030530,원익홀딩스,"3,031억원","7,723만주",기타 금융업,금융,반도체
487,030610,교보증권,"3,430억원","3,600만주",금융 지원 서비스업,증권,증권
488,030720,동원수산,431억원,463만주,어로 어업,미분류,필수소비재
489,030960,양지사,"1,473억원","1,598만주",인쇄 및 인쇄관련 산업,"출판,매체복제","화장품,의류,완구"
490,031310,아이즈비전,783억원,"1,577만주",전기 통신업,통신장비,IT하드웨어
491,031330,에스에이엠티,"1,714억원","9,999만주",기계장비 및 관련 물품 도매업,도매,IT하드웨어
492,031430,신세계인터내셔날,"12,387억원",714만주,"섬유, 의복, 신발 및 가죽제품 소매업",유통업,"화장품,의류,완구"
493,031440,신세계푸드,"3,365억원",387만주,음식점업,서비스업,"호텔,레저서비스"
494,031510,오스템,"1,262억원","2,600만주",자동차 신품 부품 제조업,"운송장비,부품",자동차
495,031820,콤텍시스템,641억원,"4,785만주","컴퓨터 프로그래밍, 시스템 통합 및 관리업",서비스업,소프트웨어
496,031860,엔에스엔,343억원,"2,107만주",상품 종합 도매업,도매,"화장품,의류,완구"
497,032080,아즈텍WB,358억원,"2,091만주","섬유제품 염색, 정리 및 마무리 가공업","섬유,의류","화장품,의류,완구"
498,032190,다우데이타,"3,485억원","3,830만주",기계장비 및 관련 물품 도매업,도매,증권
499,032280,삼일,334억원,"1,621만주",도로 화물 운송업,육상운송,운송
500,032350,롯데관광개발,"8,103억원","6,456만주",여행사 및 기타 여행보조 서비스업,서비스업,"호텔,레저서비스"
501,032500,케이엠더블유,"3,847억원","1,610만주",통신 및 방송 장비 제조업,통신장비,IT하드웨어
502,032540,TJ미디어,440억원,"1,393만주",영상 및 음향기기 제조업,일반전기전자,IT가전
503,032580,피델릭스,374억원,"2,144만주",반도체 제조업,반도체,반도체
504,032620,유비케어,"2,142억원","5,219만주",소프트웨어 개발 및 공급업,소프트웨어,건강관리
505,032640,LG유플러스,"70,076억원","43,661만주",전기 통신업,통신업,통신서비스
506,032680,소프트센,481억원,"3,272만주",기계장비 및 관련 물품 도매업,도매,소프트웨어
507,032750,삼진,372억원,600만주,통신 및 방송 장비 제조업,일반전기전자,IT가전
508,032800,판타지오,411억원,"7,270만주",창작 및 예술관련 서비스업,"오락,문화","미디어,교육"
509,032820,우리기술,969억원,"8,539만주","전동기, 발전기 및 전기 변환 · 공급 · 제어 장치 제조업",일반전기전자,IT하드웨어
510,032830,삼성생명,"180,800억원","20,000만주",보험업,보험업,보험
511,032850,비트컴퓨터,854억원,"1,662만주",소프트웨어 개발 및 공급업,소프트웨어,건강관리
512,032940,원익,836억원,"1,793만주",기계장비 및 관련 물품 도매업,도매,건강관리
513,032960,동일기연,774억원,614만주,전자부품 제조업,IT부품,IT하드웨어
514,032980,바이온,873억원,"4,660만주",음·식료품 및 담배 도매업,도매,건강관리
515,033050,제이엠아이,376억원,"3,257만주",기록매체 복제업,"출판,매체복제",디스플레이
516,033100,제룡전기,"1,270억원","1,606만주","전동기, 발전기 및 전기 변환 · 공급 · 제어 장치 제조업",IT부품,기계
517,033130,디지틀조선,666억원,"3,711만주","자료처리, 호스팅, 포털 및 기타 인터넷 정보매개 서비스업",디지털컨텐츠,"미디어,교육"
518,033160,엠케이전자,"1,844억원","2,180만주",전자부품 제조업,반도체,반도체
519,033170,시그네틱스,687억원,"8,572만주",반도체 제조업,반도체,반도체
520,033200,모아텍,644억원,"1,433만주",전자부품 제조업,IT부품,IT하드웨어
521,033230,인성정보,630억원,"1,915만주","컴퓨터 프로그래밍, 시스템 통합 및 관리업",컴퓨터서비스,IT하드웨어
522,033240,자화전자,"2,309억원","1,790만주",전자부품 제조업,전기전자,IT하드웨어
523,033250,체시스,229억원,"2,400만주",자동차 신품 부품 제조업,운수장비,자동차
524,033290,코웰패션,"4,258억원","9,050만주","섬유, 의복, 신발 및 가죽제품 소매업",소매,"화장품,의류,완구"
525,033320,제이씨현시스템,"1,093억원","1,911만주",기계장비 및 관련 물품 도매업,도매,IT하드웨어
526,033340,좋은사람들,"1,295억원","2,990만주",봉제의복 제조업,"섬유,의류","화장품,의류,완구"
527,033500,동성화인텍,"2,242억원","2,698만주",기초 화학물질 제조업,화학,화학
528,033530,세종공업,"1,020억원","2,005만주",자동차 신품 부품 제조업,운수장비,자동차
529,033540,파라텍,948억원,"1,684만주",특수 목적용 기계 제조업,"기계,장비",기계
530,033560,블루콤,759억원,"1,808만주",영상 및 음향기기 제조업,IT부품,IT하드웨어
531,033640,네패스,"2,308억원","2,297만주",반도체 제조업,반도체,반도체
532,033790,스카이문스테크놀로지,439억원,"1,711만주",통신 및 방송 장비 제조업,통신장비,IT하드웨어
533,033830,티비씨,536억원,"10,000만주",텔레비전 방송업,방송서비스,"미디어,교육"
534,033920,무학,"3,377억원","2,850만주",알코올음료 제조업,음식료품,필수소비재
535,034020,두산중공업,"12,769억원","11,714만주",일반 목적용 기계 제조업,기계,기계
536,034120,SBS,"3,823억원","1,825만주",텔레비전 방송업,서비스업,"미디어,교육"
537,034220,LG디스플레이,"62,617억원","35,781만주",전자부품 제조업,전기전자,디스플레이
538,034230,파라다이스,"17,642억원","9,094만주",유원지 및 기타 오락관련 서비스업,"오락,문화","호텔,레저서비스"
539,034300,신세계건설,"1,152억원",400만주,건물 건설업,건설업,"건설,건축관련"
540,034310,NICE,"6,818억원","3,788만주",회사 본부 및 경영 컨설팅 서비스업,서비스업,"상사,자본재"
541,034590,인천도시가스,"1,310억원",437만주,연료용 가스 제조 및 배관공급업,전기가스업,유틸리티
542,034730,SK,"197,008억원","7,036만주",기타 금융업,기타금융업,"상사,자본재"
543,034940,조아제약,"1,367억원","2,831만주",의약품 제조업,제약,건강관리
544,035000,지투알,"1,207억원","1,656만주",회사 본부 및 경영 컨설팅 서비스업,서비스업,"미디어,교육"
545,035150,백산,"1,268억원","2,420만주",플라스틱제품 제조업,화학,"화장품,의류,완구"
546,035200,프럼파스트,298억원,884만주,플라스틱제품 제조업,화학,"건설,건축관련"
547,035250,강원랜드,"64,182억원","21,394만주",유원지 및 기타 오락관련 서비스업,서비스업,"호텔,레저서비스"
548,035420,NAVER,"177,998억원","16,481만주","자료처리, 호스팅, 포털 및 기타 인터넷 정보매개 서비스업",서비스업,소프트웨어
549,035460,기산텔레콤,333억원,"1,457만주",통신 및 방송 장비 제조업,통신장비,IT하드웨어
550,035600,KG이니시스,"4,227억원","2,790만주",소프트웨어 개발 및 공급업,소프트웨어,소프트웨어
551,035610,솔본,"1,443억원","2,734만주",회사 본부 및 경영 컨설팅 서비스업,전문기술,건강관리
552,035620,바른손이앤에이,988억원,"7,036만주",소프트웨어 개발 및 공급업,"오락,문화","미디어,교육"
553,035720,카카오,"88,806억원","8,338만주","자료처리, 호스팅, 포털 및 기타 인터넷 정보매개 서비스업",서비스업,소프트웨어
554,035760,CJ ENM,"46,900억원","2,192만주",텔레비전 방송업,방송서비스,"미디어,교육"
555,035890,서희건설,"2,133억원","17,346만주",건물 건설업,종합건설,"건설,건축관련"
556,035900,JYP Ent.,"12,011억원","3,532만주",오디오물 출판 및 원판 녹음업,"오락,문화","미디어,교육"
557,036000,예림당,"1,310억원","2,303만주","서적, 잡지 및 기타 인쇄물 출판업","출판,매체복제",운송
558,036010,아비코전자,798억원,"1,329만주",전자부품 제조업,일반전기전자,IT가전
559,036090,위지트,796억원,"7,274만주",특수 목적용 기계 제조업,"기계,장비",디스플레이
560,036120,SCI평가정보,795억원,"3,550만주",기타 정보 서비스업,사업지원,"상사,자본재"
561,036190,금화피에스시,"1,707억원",600만주,전기 및 통신 공사업,전문건설,"건설,건축관련"
562,036200,유니셈,"1,205억원","3,066만주",특수 목적용 기계 제조업,반도체,반도체
563,036420,제이콘텐트리,"7,124억원","14,406만주","영화, 비디오물, 방송프로그램 제작 및 배급업",서비스업,"미디어,교육"
564,036480,대성미생물,731억원,380만주,의약품 제조업,제약,건강관리
565,036490,SK머티리얼즈,"16,844억원","1,054만주",기초 화학물질 제조업,반도체,디스플레이
566,036540,SFA반도체,"2,067억원","14,112만주",반도체 제조업,반도체,반도체
567,036560,영풍정밀,"1,122억원","1,575만주",일반 목적용 기계 제조업,"기계,장비",기계
568,036570,엔씨소프트,"104,320억원","2,193만주",소프트웨어 개발 및 공급업,서비스업,소프트웨어
569,036580,팜스코,"3,199억원","3,672만주","곡물가공품, 전분 및 전분제품 제조업",음식료품,필수소비재
570,036630,세종텔레콤,"2,695억원","60,032만주",전기 통신업,통신서비스,통신서비스
571,036640,HRS,448억원,"1,635만주",합성고무 및 플라스틱 물질 제조업,화학,화학
572,036670,KCI,879억원,"1,127만주",기타 화학제품 제조업,화학,화학
573,036690,코맥스,569억원,"1,427만주",통신 및 방송 장비 제조업,통신장비,IT하드웨어
574,036710,심텍홀딩스,687억원,"3,489만주",통신 및 방송 장비 제조업,IT부품,IT하드웨어
575,036800,나이스정보통신,"1,970억원","1,000만주",전기 통신업,통신서비스,"상사,자본재"
576,036810,에프에스티,872억원,"2,023만주",전자부품 제조업,반도체,반도체
577,036890,진성티이씨,"1,906억원","2,248만주",특수 목적용 기계 제조업,"기계,장비",기계
578,036930,주성엔지니어링,"3,449억원","4,824만주",특수 목적용 기계 제조업,반도체,반도체
579,037030,파워넷,483억원,"1,200만주","전동기, 발전기 및 전기 변환 · 공급 · 제어 장치 제조업",일반전기전자,IT가전
580,037070,파세코,626억원,"1,400만주",가정용 기기 제조업,일반전기전자,"화장품,의류,완구"
581,037270,YG PLUS,"1,297억원","5,817만주","인형,장난감 및 오락용품 제조업",서비스업,"미디어,교육"
582,037330,인지디스플레,578억원,"3,560만주",전자부품 제조업,IT부품,디스플레이
583,037350,성도이엔지,744억원,"1,547만주","건축기술, 엔지니어링 및 관련 기술 서비스업",전문기술,반도체
584,037370,EG,712억원,750만주,기타 전문 도매업,도매,"상사,자본재"
585,037400,우리조명,259억원,"2,492만주",전구 및 조명장치 제조업,일반전기전자,디스플레이
586,037460,삼지전자,"1,409억원","1,631만주",통신 및 방송 장비 제조업,통신장비,IT하드웨어
587,037710,광주신세계,"2,792억원",160만주,종합 소매업,유통업,소매(유통)
588,037760,쎄니트,696억원,"3,383만주",1차 철강 제조업,금속,"비철,목재등"
589,037950,엘컴텍,"1,435억원","8,444만주",전자부품 제조업,IT부품,IT하드웨어
590,038010,제일테크노스,360억원,900만주,"구조용 금속제품, 탱크 및 증기발생기 제조업",금속,"건설,건축관련"
591,038060,루멘스,"1,158억원","4,727만주",반도체 제조업,반도체,디스플레이
592,038070,서린바이오,669억원,690만주,기타 전문 도매업,도매,건강관리
593,038110,에코플라스틱,293억원,"2,566만주",자동차 신품 부품 제조업,"운송장비,부품",자동차
594,038290,마크로젠,"3,266억원","1,060만주","그외 기타 전문, 과학 및 기술 서비스업",전문기술,건강관리
595,038340,UCI,483억원,"1,343만주",일반 교습 학원,교육,"미디어,교육"
596,038390,레드캡투어,"1,339억원",858만주,여행사 및 기타 여행보조 서비스업,사업지원,운송
597,038460,바이오스마트,883억원,"1,997만주",전자부품 제조업,정보기기,IT하드웨어
598,038500,삼표시멘트,"3,999억원","10,735만주",기타 비금속 광물제품 제조업,비금속,"건설,건축관련"
599,038530,골드퍼시픽,147억원,913만주,생활용품 도매업,도매,"화장품,의류,완구"
600,038540,상상인,"8,260억원","4,774만주","컴퓨터 프로그래밍, 시스템 통합 및 관리업",컴퓨터서비스,소프트웨어
601,038620,위즈코프,393억원,"3,715만주",연료 소매업,소매,에너지
602,038680,에스넷,630억원,"1,607만주","컴퓨터 프로그래밍, 시스템 통합 및 관리업",컴퓨터서비스,IT하드웨어
603,038870,에코바이오,546억원,"1,152만주",사업시설 유지·관리 서비스업,사업지원,유틸리티
604,038880,아이에이,"1,081억원","4,128만주",전자부품 제조업,반도체,자동차
605,038950,파인디지털,352억원,"1,021만주",통신 및 방송 장비 제조업,통신장비,IT가전
606,039020,이건홀딩스,571억원,"2,258만주",기타 금융업,"종이,목재","건설,건축관련"
607,039030,이오테크닉스,"5,704억원","1,228만주",특수 목적용 기계 제조업,반도체,반도체
608,039130,하나투어,"8,201억원","1,161만주",여행사 및 기타 여행보조 서비스업,서비스업,"호텔,레저서비스"
609,039200,오스코텍,"7,698억원","2,725만주",의약품 제조업,제약,건강관리
610,039240,경남스틸,481억원,"2,500만주",1차 철강 제조업,금속,철강
611,039290,인포뱅크,619억원,869만주,기타 정보 서비스업,통신서비스,소프트웨어
612,039310,세중,616억원,"1,812만주",여행사 및 기타 여행보조 서비스업,사업지원,"호텔,레저서비스"
613,039420,케이엘넷,649억원,"2,415만주",전기 통신업,통신서비스,소프트웨어
614,039440,에스티아이,"1,533억원","1,583만주",특수 목적용 기계 제조업,반도체,반도체
615,039490,키움증권,"18,210억원","2,209만주",금융 지원 서비스업,증권,증권
616,039560,다산네트웍스,"1,903억원","2,919만주",통신 및 방송 장비 제조업,통신장비,IT하드웨어
617,039570,HDC아이콘트롤스,"1,581억원","1,646만주",전기 및 통신 공사업,건설업,"건설,건축관련"
618,039830,오로라,921억원,"1,076만주",전문디자인업,전문기술,"화장품,의류,완구"
619,039840,디오,"4,141억원","1,517만주",의료용 기기 제조업,"의료,정밀기기",건강관리
620,039860,나노엔텍,"1,267억원","2,629만주",의료용 기기 제조업,"의료,정밀기기",건강관리
621,039980,리노스,739억원,"3,775만주","섬유, 의복, 신발 및 가죽제품 소매업",소매,"화장품,의류,완구"
622,040300,YTN,814억원,"4,200만주","영화, 비디오물, 방송프로그램 제작 및 배급업",방송서비스,"미디어,교육"
623,040350,큐로컴,"1,751억원","10,914만주","컴퓨터 프로그래밍, 시스템 통합 및 관리업",컴퓨터서비스,소프트웨어
624,040420,정상제이엘에스,"1,144억원","1,567만주",일반 교습 학원,교육,"미디어,교육"
625,040610,SG&G,680억원,"3,408만주",자동차 신품 부품 제조업,"운송장비,부품",자동차
626,040910,아이씨디,"1,331억원","1,670만주",특수 목적용 기계 제조업,반도체,디스플레이
627,041140,넥슨지티,"3,151억원","3,537만주",소프트웨어 개발 및 공급업,디지털컨텐츠,소프트웨어
628,041190,우리기술투자,"2,553억원","8,400만주",기타 금융업,금융,은행
629,041510,에스엠,"12,864억원","2,301만주",오디오물 출판 및 원판 녹음업,"오락,문화","미디어,교육"
630,041520,이라이콤,647억원,"1,218만주",상품 중개업,IT부품,디스플레이
631,041650,상신브레이크,796억원,"2,147만주",자동차 신품 부품 제조업,운수장비,자동차
632,041830,인바디,"3,044억원","1,368만주",의료용 기기 제조업,"의료,정밀기기",건강관리
633,041910,에스텍파마,"1,088억원","1,189만주",의약품 제조업,제약,건강관리
634,041920,메디아나,692억원,865만주,의료용 기기 제조업,"의료,정밀기기",건강관리
635,041930,동아화성,504억원,"1,580만주",고무제품 제조업,화학,자동차
636,041960,코미팜,"12,474억원","5,531만주",의약품 제조업,제약,건강관리
637,042000,카페24,"8,619억원",943만주,"자료처리, 호스팅, 포털 및 기타 인터넷 정보매개 서비스업",인터넷,소프트웨어
638,042040,케이피엠테크,"1,100억원","8,838만주",기타 화학제품 제조업,화학,화학
639,042110,에스씨디,505억원,"4,832만주",가정용 기기 제조업,일반전기전자,IT가전
640,042370,비츠로테크,"1,618억원","2,235만주",기타 금융업,금융,기계
641,042420,네오위즈홀딩스,"1,049억원",885만주,소프트웨어 개발 및 공급업,디지털컨텐츠,소프트웨어
642,042500,링네트,522억원,"1,493만주","컴퓨터 프로그래밍, 시스템 통합 및 관리업",컴퓨터서비스,소프트웨어
643,042510,라온시큐어,774억원,"3,180만주",소프트웨어 개발 및 공급업,소프트웨어,소프트웨어
644,042600,새로닉스,519억원,"1,242만주",전자부품 제조업,IT부품,디스플레이
645,042660,대우조선해양,"38,218억원","10,720만주",선박 및 보트 건조업,운수장비,조선
646,042940,상지카일룸,891억원,"3,684만주",건물 건설업,종합건설,"건설,건축관련"
647,043100,솔고바이오,674억원,"16,172만주",의료용 기기 제조업,"의료,정밀기기",건강관리
648,043150,바텍,"3,297억원","1,485만주",의료용 기기 제조업,"의료,정밀기기",건강관리
649,043200,파루,812억원,"2,966만주","전동기, 발전기 및 전기 변환 · 공급 · 제어 장치 제조업",IT부품,에너지
650,043220,에이치엘비파워,589억원,"5,951만주",특수 목적용 기계 제조업,"기계,장비",기계
651,043260,성호전자,263억원,"2,950만주",전자부품 제조업,IT부품,IT가전
652,043340,에쎈테크,669억원,"7,200만주",일반 목적용 기계 제조업,"기계,장비",기계
653,043360,디지아이,251억원,900만주,컴퓨터 및 주변장치 제조업,정보기기,IT하드웨어
654,043590,크로바하이텍,915억원,"2,330만주",반도체 제조업,반도체,IT가전
655,043610,지니뮤직,"2,798억원","5,811만주","자료처리, 호스팅, 포털 및 기타 인터넷 정보매개 서비스업",디지털컨텐츠,"미디어,교육"
656,043650,국순당,721억원,"1,785만주",알코올음료 제조업,"음식료,담배",필수소비재
657,043710,서울리거,691억원,"2,511만주",기타 전문 도매업,도매,건강관리
658,043910,자연과환경,621억원,"3,394만주",환경 정화 및 복원업,환경,"상사,자본재"
659,044060,조광ILI,520억원,988만주,일반 목적용 기계 제조업,"기계,장비",기계
660,044340,위닉스,"2,654억원","1,787만주",가정용 기기 제조업,일반전기전자,"화장품,의류,완구"
661,044380,주연테크,360억원,"9,877만주",컴퓨터 및 주변장치 제조업,전기전자,IT하드웨어
662,044450,KSS해운,"1,620억원","2,318만주",해상 운송업,운수창고업,운송
663,044490,태웅,"2,170억원","2,000만주",기타 금속 가공제품 제조업,금속,기계
664,044780,에이치케이,254억원,"1,845만주",특수 목적용 기계 제조업,"기계,장비",기계
665,044820,코스맥스비티아이,"1,891억원",960만주,기타 금융업,기타금융업,건강관리
666,044960,이글벳,499억원,"1,264만주",기타 전문 도매업,도매,건강관리
667,045060,오공,569억원,"1,694만주",기타 화학제품 제조업,화학,화학
668,045300,성우테크론,383억원,905만주,전자부품 제조업,반도체,반도체
669,045340,토탈소프트,232억원,855만주,소프트웨어 개발 및 공급업,소프트웨어,운송
670,045390,대아티아이,"4,973억원","7,115만주",기타 전기장비 제조업,일반전기전자,소프트웨어
671,045510,정원엔시스,639억원,"3,220만주","컴퓨터 프로그래밍, 시스템 통합 및 관리업",컴퓨터서비스,소프트웨어
672,045520,크린앤사이언스,897억원,650만주,일반 목적용 기계 제조업,"기계,장비",자동차
673,045660,에이텍,522억원,826만주,컴퓨터 및 주변장치 제조업,정보기기,IT하드웨어
674,046070,코다코,890억원,"3,906만주",자동차 신품 부품 제조업,"운송장비,부품",자동차
675,046120,오르비텍,980억원,"2,379만주",기타 과학기술 서비스업,전문기술,"상사,자본재"
676,046140,SBS콘텐츠허브,"1,232억원","2,146만주","영화, 비디오물, 방송프로그램 제작 및 배급업","오락,문화","미디어,교육"
677,046210,파나진,"1,512억원","3,203만주",의료용품 및 기타 의약 관련제품 제조업,"의료,정밀기기",건강관리
678,046310,백금T&A,377억원,"1,521만주",통신 및 방송 장비 제조업,통신장비,IT하드웨어
679,046390,삼화네트웍스,618억원,"4,296만주","영화, 비디오물, 방송프로그램 제작 및 배급업","오락,문화","미디어,교육"
680,046440,KG모빌리언스,"2,266억원","2,990만주",소프트웨어 개발 및 공급업,소프트웨어,소프트웨어
681,046890,서울반도체,"12,506억원","5,830만주",반도체 제조업,반도체,디스플레이
682,046940,우원개발,615억원,"1,639만주",기반조성 및 시설물 축조관련 전문공사업,전문건설,"건설,건축관련"
683,046970,우리로,513억원,"2,479만주",통신 및 방송 장비 제조업,도매,IT하드웨어
684,047040,대우건설,"19,929억원","41,562만주",건물 건설업,건설업,"건설,건축관련"
685,047310,파워로직스,"2,370억원","3,435만주","전동기, 발전기 및 전기 변환 · 공급 · 제어 장치 제조업",IT부품,IT가전
686,047400,유니온머티리얼,781억원,"4,200만주","내화, 비내화 요업제품 제조업",비금속광물,자동차
687,047560,이스트소프트,648억원,989만주,소프트웨어 개발 및 공급업,디지털컨텐츠,소프트웨어
688,047770,코데즈컴바인,"1,089억원","3,784만주",봉제의복 제조업,"섬유,의류","화장품,의류,완구"
689,048260,오스템임플란트,"7,457억원","1,428만주",의료용 기기 제조업,"의료,정밀기기",건강관리
690,048430,유라테크,628억원,"1,152만주","전동기, 발전기 및 전기 변환 · 공급 · 제어 장치 제조업",일반전기전자,자동차
691,048470,대동스틸,"1,100억원","1,000만주",1차 철강 제조업,금속,철강
692,048530,인트론바이오,"8,150억원","1,503만주",기초 의약물질 및 생물학적 제제 제조업,제약,건강관리
693,048550,SM C&C,"2,121억원","9,406만주",광고업,방송서비스,"미디어,교육"
694,048770,TPC,466억원,"1,290만주",일반 목적용 기계 제조업,"기계,장비",기계
695,048830,엔피케이,342억원,"1,872만주",합성고무 및 플라스틱 물질 제조업,화학,화학
696,048870,시너지이노베이션,"1,478억원","5,707만주",의료용 기기 제조업,"의료,정밀기기",건강관리
697,048910,대원미디어,"1,206억원","1,257만주",기타 전문 도매업,도매,"미디어,교육"
698,049070,인탑스,"1,806억원","1,720만주",통신 및 방송 장비 제조업,IT부품,IT하드웨어
699,049080,기가레인,"1,191억원","5,039만주",특수 목적용 기계 제조업,반도체,반도체
700,049120,파인디앤씨,501억원,"2,406만주",전자부품 제조업,IT부품,디스플레이
701,049180,셀루메드,"1,811억원","2,042만주",기초 의약물질 및 생물학적 제제 제조업,제약,건강관리
702,049430,코메론,627억원,904만주,"측정, 시험, 항해, 제어 및 기타 정밀기기 제조업; 광학기기 제외","의료,정밀기기",기계
703,049470,SGA,488억원,"9,672만주",소프트웨어 개발 및 공급업,소프트웨어,소프트웨어
704,049480,오픈베이스,692억원,"3,142만주","컴퓨터 프로그래밍, 시스템 통합 및 관리업",컴퓨터서비스,소프트웨어
705,049520,유아이엘,966억원,"2,178만주",전자부품 제조업,IT부품,IT하드웨어
706,049550,잉크테크,535억원,"1,601만주",기타 화학제품 제조업,화학,IT하드웨어
707,049630,재영솔루텍,482억원,"4,569만주",사진장비 및 광학기기 제조업,IT부품,IT하드웨어
708,049720,고려신용정보,554억원,"1,430만주",기타 사업지원 서비스업,사업지원,"상사,자본재"
709,049770,동원F&B,"11,461억원",385만주,기타 식품 제조업,음식료품,필수소비재
710,049800,우진플라임,518억원,"1,000만주",특수 목적용 기계 제조업,기계,기계
711,049830,승일,488억원,613만주,기타 금속 가공제품 제조업,금속,"비철,목재등"
712,049950,미래컴퍼니,"4,427억원",786만주,특수 목적용 기계 제조업,"기계,장비",디스플레이
713,049960,쎌바이오텍,"2,552억원",940만주,기초 의약물질 및 생물학적 제제 제조업,제약,건강관리
714,050110,캠시스,953억원,"5,781만주",전자부품 제조업,IT부품,IT하드웨어
715,050760,에스폴리텍,287억원,"1,633만주",플라스틱제품 제조업,화학,화학
716,050860,아세아텍,509억원,"1,750만주",특수 목적용 기계 제조업,"기계,장비",기계
717,050890,쏠리드,"1,203억원","3,839만주",통신 및 방송 장비 제조업,통신장비,IT하드웨어
718,050960,수산아이앤티,448억원,675만주,소프트웨어 개발 및 공급업,"출판,매체복제",소프트웨어
719,051160,지어소프트,249억원,"1,395만주",소프트웨어 개발 및 공급업,소프트웨어,필수소비재
720,051360,토비스,"1,185억원","1,671만주",영상 및 음향기기 제조업,정보기기,디스플레이
721,051370,인터플렉스,"2,636억원","2,332만주",전자부품 제조업,IT부품,IT하드웨어
722,051380,피씨디렉트,372억원,754만주,기계장비 및 관련 물품 도매업,도매,IT하드웨어
723,051390,YW,460억원,"1,135만주",상품 종합 도매업,도매,소매(유통)
724,051490,나라엠앤디,686억원,"1,420만주",특수 목적용 기계 제조업,"기계,장비",기계
725,051500,CJ프레시웨이,"2,772억원","1,187만주",음·식료품 및 담배 도매업,도매,필수소비재
726,051630,진양화학,378억원,"1,200만주",플라스틱제품 제조업,화학,화학
727,051780,큐로홀딩스,426억원,"6,019만주","영화, 비디오물, 방송프로그램 제작 및 배급업",방송서비스,"미디어,교육"
728,051900,LG생활건강,"180,233억원","1,561만주",기타 화학제품 제조업,화학,"화장품,의류,완구"
729,051910,LG화학,"238,602억원","7,059만주",기초 화학물질 제조업,화학,화학
730,052020,에스티큐브,"5,355억원","2,671만주",기계장비 및 관련 물품 도매업,IT부품,IT하드웨어
731,052220,iMBC,533억원,"2,300만주","자료처리, 호스팅, 포털 및 기타 인터넷 정보매개 서비스업",디지털컨텐츠,"미디어,교육"
732,052330,코텍,"2,180억원","1,557만주",영상 및 음향기기 제조업,정보기기,IT하드웨어
733,052400,코나아이,"1,734억원","1,555만주",소프트웨어 개발 및 공급업,소프트웨어,IT하드웨어
734,052420,오성첨단소재,"1,126억원","4,971만주",플라스틱제품 제조업,IT부품,디스플레이
735,052460,아이크래프트,204억원,805만주,"컴퓨터 프로그래밍, 시스템 통합 및 관리업",컴퓨터서비스,IT하드웨어
736,052670,제일바이오,590억원,"1,500만주",의약품 제조업,제약,건강관리
737,052710,아모텍,"1,826억원",974만주,전자부품 제조업,IT부품,IT하드웨어
738,052790,액토즈소프트,"1,121억원","1,133만주",소프트웨어 개발 및 공급업,디지털컨텐츠,소프트웨어
739,052860,아이앤씨,541억원,"1,578만주",반도체 제조업,반도체,IT하드웨어
740,052900,KMH하이텍,436억원,"4,688만주",플라스틱제품 제조업,반도체,반도체
741,053030,바이넥스,"3,300억원","3,173만주",의약품 제조업,제약,건강관리
742,053050,지에스이,464억원,"2,998만주",연료용 가스 제조 및 배관공급업,"전기,가스",유틸리티
743,053060,세동,111억원,"2,141만주",자동차 신품 부품 제조업,"운송장비,부품",자동차
744,053110,소리바다,648억원,"5,635만주","자료처리, 호스팅, 포털 및 기타 인터넷 정보매개 서비스업",디지털컨텐츠,"미디어,교육"
745,053160,프리엠스,344억원,600만주,"전동기, 발전기 및 전기 변환 · 공급 · 제어 장치 제조업",일반전기전자,기계
746,053260,금강철강,656억원,"1,872만주",1차 철강 제조업,금속,철강
747,053270,구영테크,385억원,"2,639만주",자동차 신품 부품 제조업,"운송장비,부품",자동차
748,053280,예스24,802억원,"1,720만주",무점포 소매업,인터넷,소매(유통)
749,053290,NE능률,379억원,"1,349만주","서적, 잡지 및 기타 인쇄물 출판업","출판,매체복제","미디어,교육"
750,053350,이니텍,"1,088억원","1,979만주",소프트웨어 개발 및 공급업,소프트웨어,소프트웨어
751,053450,세코닉스,800억원,"1,124만주",사진장비 및 광학기기 제조업,"의료,정밀기기",IT하드웨어
752,053610,프로텍,"1,286억원",946만주,특수 목적용 기계 제조업,반도체,반도체
753,053620,태양,762억원,860만주,기타 금속 가공제품 제조업,금속,필수소비재
754,053700,삼보모터스,973억원,"1,424만주",자동차 신품 부품 제조업,"운송장비,부품",자동차
755,053800,안랩,"4,320억원","1,001만주",소프트웨어 개발 및 공급업,소프트웨어,소프트웨어
756,053950,경남제약,"1,934억원","1,124만주",의약품 제조업,제약,건강관리
757,053980,오상자이엘,"1,272억원","1,774만주","컴퓨터 프로그래밍, 시스템 통합 및 관리업",컴퓨터서비스,소프트웨어
758,054050,농우바이오,"1,755억원","1,603만주",작물 재배업,농업,건강관리
759,054090,삼진엘앤디,574억원,"2,495만주",그외 기타 제품 제조업,IT부품,디스플레이
760,054210,이랜텍,519억원,"2,047만주",전자부품 제조업,IT부품,IT하드웨어
761,054220,비츠로시스,732억원,"4,465만주","전동기, 발전기 및 전기 변환 · 공급 · 제어 장치 제조업",일반전기전자,소프트웨어
762,054300,팬스타엔터프라이즈,316억원,"4,112만주",일반 목적용 기계 제조업,"기계,장비",자동차
763,054410,케이피티유,242억원,506만주,기타 금속 가공제품 제조업,금속,"비철,목재등"
764,054450,텔레칩스,"1,197억원","1,350만주",반도체 제조업,반도체,반도체
765,054540,삼영엠텍,390억원,"1,300만주","구조용 금속제품, 탱크 및 증기발생기 제조업",금속,기계
766,054620,APS홀딩스,901억원,"2,039만주",기타 금융업,금융,디스플레이
767,054630,에이디칩스,412억원,"2,469만주",그외 기타 제품 제조업,기타제조,IT가전
768,054670,대한뉴팜,"1,442억원","1,435만주",의약품 제조업,제약,건강관리
769,054780,키이스트,"2,548억원","8,480만주","영화, 비디오물, 방송프로그램 제작 및 배급업","오락,문화","미디어,교육"
770,054800,아이디스홀딩스,"1,381억원","1,034만주",기타 전문 서비스업,기타서비스,IT하드웨어
771,054930,유신,432억원,300만주,"건축기술, 엔지니어링 및 관련 기술 서비스업",전문기술,"건설,건축관련"
772,054940,엑사이엔씨,398억원,"3,317만주",실내건축 및 건축마무리 공사업,전문건설,반도체
773,054950,제이브이엠,"2,003억원",633만주,일반 목적용 기계 제조업,"기계,장비",건강관리
774,055490,테이팩스,"1,080억원",471만주,플라스틱제품 제조업,화학,화학
775,055550,신한지주,"202,957억원","47,419만주",기타 금융업,기타금융업,은행
776,056080,유진로봇,"1,494억원","3,751만주",특수 목적용 기계 제조업,"기계,장비","화장품,의류,완구"
777,056090,유앤아이,824억원,774만주,의료용 기기 제조업,"의료,정밀기기",건강관리
778,056190,에스에프에이,"14,632억원","3,590만주",특수 목적용 기계 제조업,"기계,장비",기계
779,056360,코위버,596억원,979만주,통신 및 방송 장비 제조업,통신장비,IT하드웨어
780,056700,신화인터텍,471억원,"2,913만주",플라스틱제품 제조업,IT부품,디스플레이
781,057540,옴니시스템,817억원,"4,067만주","측정, 시험, 항해, 제어 및 기타 정밀기기 제조업; 광학기기 제외","의료,정밀기기",IT하드웨어
782,058110,멕아이씨에스,192억원,536만주,의료용 기기 제조업,"의료,정밀기기",건강관리
783,058220,아리온,993억원,"8,946만주",통신 및 방송 장비 제조업,통신장비,IT가전
784,058400,KNN,"1,030억원","13,242만주",텔레비전 방송업,방송서비스,"미디어,교육"
785,058420,제이웨이,231억원,"1,506만주","영화, 비디오물, 방송프로그램 제작 및 배급업","오락,문화","미디어,교육"
786,058430,포스코강판,"1,137억원",600만주,1차 철강 제조업,철강금속,"비철,목재등"
787,058450,일야,181억원,978만주,통신 및 방송 장비 제조업,IT부품,IT하드웨어
788,058470,리노공업,"7,034억원","1,524만주",전자부품 제조업,반도체,반도체
789,058530,슈펙스비앤피,596억원,"5,878만주",생활용품 도매업,도매,소매(유통)
790,058610,에스피지,"1,643억원","2,087만주","전동기, 발전기 및 전기 변환 · 공급 · 제어 장치 제조업",IT부품,IT가전
791,058630,엠게임,521억원,"1,954만주",소프트웨어 개발 및 공급업,디지털컨텐츠,소프트웨어
792,058650,세아홀딩스,"4,140억원",400만주,1차 철강 제조업,철강금속,철강
793,058730,다스코,"1,090억원","1,540만주","구조용 금속제품, 탱크 및 증기발생기 제조업",기계,"건설,건축관련"
794,058820,CMG제약,"5,041억원","10,888만주",의약품 제조업,제약,건강관리
795,058850,KTcs,"1,084억원","4,268만주",기타 정보 서비스업,서비스업,"상사,자본재"
796,059090,미코,"1,035억원","3,131만주",반도체 제조업,반도체,반도체
797,059100,아이컴포넌트,478억원,707만주,전자부품 제조업,IT부품,디스플레이
798,059120,아진엑스텍,531억원,694만주,반도체 제조업,반도체,반도체
799,059210,메타바이오메드,763억원,"2,386만주",의료용품 및 기타 의약 관련제품 제조업,제약,건강관리
800,060150,인선이엔티,"2,294억원","3,659만주",폐기물 처리업,환경,"상사,자본재"
801,060240,룽투코리아,929억원,"2,417만주",소프트웨어 개발 및 공급업,디지털컨텐츠,소프트웨어
802,060250,NHN한국사이버결제,"2,586억원","2,191만주",기타 정보 서비스업,소프트웨어,소프트웨어
803,060260,뉴보텍,448억원,"2,686만주",플라스틱제품 제조업,화학,"건설,건축관련"
804,060280,큐렉소,"1,777억원","3,335만주",기타 상품 전문 소매업,소매,소매(유통)
805,060300,레드로버,"1,176억원","4,542만주","영화, 비디오물, 방송프로그램 제작 및 배급업","오락,문화","미디어,교육"
806,060310,3S,985억원,"4,439만주",특수 목적용 기계 제조업,"기계,장비",기계
807,060370,KT서브마린,729억원,"2,190만주",전기 및 통신 공사업,전문건설,"건설,건축관련"
808,060380,동양에스텍,293억원,"1,000만주",1차 철강 제조업,금속,철강
809,060480,국일신동,467억원,"1,109만주",1차 비철금속 제조업,금속,"비철,목재등"
810,060540,에스에이티,509억원,"2,613만주","측정, 시험, 항해, 제어 및 기타 정밀기기 제조업; 광학기기 제외",통신장비,IT하드웨어
811,060590,씨티씨바이오,"1,726억원","1,931만주",생활용품 도매업,제약,건강관리
812,060720,KH바텍,"1,639억원","2,026만주",전자부품 제조업,IT부품,IT하드웨어
813,061040,알에프텍,988억원,"1,905만주",통신 및 방송 장비 제조업,통신장비,IT하드웨어
814,061970,엘비세미콘,"1,666억원","4,378만주",반도체 제조업,반도체,반도체
815,062860,티엘아이,362억원,987만주,반도체 제조업,반도체,디스플레이
816,063080,게임빌,"3,699억원",659만주,소프트웨어 개발 및 공급업,디지털컨텐츠,소프트웨어
817,063160,종근당바이오,"1,116억원",522만주,의약품 제조업,의약품,건강관리
818,063170,서울옥션,"2,300억원","1,691만주",상품 중개업,도매,소매(유통)
819,063440,SM Life Design,760억원,"4,419만주",기록매체 복제업,"출판,매체복제","미디어,교육"
820,063760,이엘피,647억원,490만주,"측정, 시험, 항해, 제어 및 기타 정밀기기 제조업; 광학기기 제외",반도체,디스플레이
821,064090,에프앤리퍼블릭,"1,165억원","5,976만주",상품 종합 도매업,도매,"화장품,의류,완구"
822,064260,다날,"2,000억원","5,437만주",소프트웨어 개발 및 공급업,디지털컨텐츠,소프트웨어
823,064290,인텍플러스,474억원,"1,104만주",특수 목적용 기계 제조업,반도체,반도체
824,064480,브리지텍,427억원,"1,195만주",소프트웨어 개발 및 공급업,컴퓨터서비스,소프트웨어
825,064510,에코마이스터,"1,329억원","1,265만주",특수 목적용 기계 제조업,"기계,장비",기계
826,064520,바른전자,395억원,"6,641만주",반도체 제조업,반도체,반도체
827,064550,바이오니아,"1,926억원","2,062만주",의료용품 및 기타 의약 관련제품 제조업,제약,건강관리
828,064760,티씨케이,"5,697억원","1,167만주",기타 비금속 광물제품 제조업,반도체,반도체
829,064820,케이프,529억원,"2,552만주",선박 및 보트 건조업,"운송장비,부품",조선
830,065060,지엔코,"1,886억원","9,800만주",봉제의복 제조업,"섬유,의류","화장품,의류,완구"
831,065130,탑엔지니어링,"1,241억원","1,597만주",특수 목적용 기계 제조업,"기계,장비",디스플레이
832,065170,넥스트BT,"1,022억원","6,158만주",음·식료품 및 담배 도매업,도매,건강관리
833,065350,신성델타테크,739억원,"2,208만주",가정용 기기 제조업,일반전기전자,"화장품,의류,완구"
834,065420,에스아이리소스,326억원,"5,283만주",석탄 광업,연료광업,에너지
835,065440,이루온,390억원,"2,727만주",소프트웨어 개발 및 공급업,소프트웨어,소프트웨어
836,065450,빅텍,605억원,"2,450만주","측정, 시험, 항해, 제어 및 기타 정밀기기 제조업; 광학기기 제외","의료,정밀기기","상사,자본재"
837,065500,오리엔트정공,528억원,"11,721만주",자동차 신품 부품 제조업,"운송장비,부품",자동차
838,065560,녹원씨엔아이,"1,446억원","1,425만주",인쇄 및 인쇄관련 산업,"출판,매체복제",화학
839,065570,삼영이엔씨,452억원,880만주,통신 및 방송 장비 제조업,통신장비,조선
840,065650,메디프론,"1,572억원","2,943만주",기계장비 및 관련 물품 도매업,도매,IT하드웨어
841,065660,안트로젠,"6,169억원",843만주,기타 전문 도매업,도매,건강관리
842,065680,우주일렉트로,802억원,993만주,전자부품 제조업,IT부품,IT하드웨어
843,065710,서호전기,618억원,515만주,"전동기, 발전기 및 전기 변환 · 공급 · 제어 장치 제조업",일반전기전자,소프트웨어
844,065770,CS,371억원,"1,883만주",통신 및 방송 장비 제조업,통신장비,IT하드웨어
845,065950,웰크론,820억원,"2,549만주",직물직조 및 직물제품 제조업,"섬유,의류","건설,건축관련"
846,066130,하츠,483억원,"1,280만주",가정용 기기 제조업,일반전기전자,"화장품,의류,완구"
847,066310,큐에스아이,397억원,827만주,반도체 제조업,반도체,반도체
848,066360,체리부로,602억원,"2,787만주","도축, 육류 가공 및 저장 처리업","음식료,담배",필수소비재
849,066430,와이오엠,"1,277억원","1,156만주",기타 전문 도매업,도매,화학
850,066570,LG전자,"114,226억원","16,364만주",통신 및 방송 장비 제조업,전기전자,IT가전
851,066590,우수AMS,956억원,"2,469만주",자동차 신품 부품 제조업,"운송장비,부품",자동차
852,066620,국보디자인,"1,057억원",750만주,실내건축 및 건축마무리 공사업,전문건설,"건설,건축관련"
853,066670,디스플레이텍,718억원,"1,869만주",전자부품 제조업,IT부품,IT하드웨어
854,066700,테라젠이텍스,"3,340억원","3,079만주",의약품 제조업,제약,건강관리
855,066790,씨씨에스,361억원,"8,556만주",텔레비전 방송업,방송서비스,"미디어,교육"
856,066900,디에이피,617억원,"2,274만주",전자부품 제조업,IT부품,IT하드웨어
857,066910,손오공,553억원,"2,189만주",기타 전문 도매업,도매,"화장품,의류,완구"
858,066970,엘앤에프,"8,875억원","2,475만주",일차전지 및 축전지 제조업,IT부품,IT가전
859,067000,조이시티,"1,302억원","1,178만주",소프트웨어 개발 및 공급업,디지털컨텐츠,소프트웨어
860,067010,이씨에스,304억원,750만주,"컴퓨터 프로그래밍, 시스템 통합 및 관리업",정보기기,소프트웨어
861,067080,대화제약,"3,991억원","1,822만주",의약품 제조업,제약,건강관리
862,067160,아프리카TV,"4,661억원","1,149만주",소프트웨어 개발 및 공급업,소프트웨어,소프트웨어
863,067170,오텍,"1,448억원","1,539만주",자동차 재제조 부품 제조업,"운송장비,부품","화장품,의류,완구"
864,067280,멀티캠퍼스,"2,477억원",592만주,기타 교육기관,디지털컨텐츠,"미디어,교육"
865,067290,JW신약,"3,004억원","4,166만주",의약품 제조업,제약,건강관리
866,067310,하나마이크론,870억원,"2,272만주",반도체 제조업,반도체,반도체
867,067390,아스트,"1,602억원","1,571만주","항공기,우주선 및 부품 제조업","운송장비,부품","상사,자본재"
868,067570,엔브이에이치코리아,666억원,"2,872만주",자동차 신품 부품 제조업,"운송장비,부품",자동차
869,067630,에이치엘비생명과학,"6,279억원","3,629만주","건축기술, 엔지니어링 및 관련 기술 서비스업",전문기술,건강관리
870,067730,로지시스,272억원,934만주,"컴퓨터 프로그래밍, 시스템 통합 및 관리업",컴퓨터서비스,소프트웨어
871,067770,세진티에스,243억원,839만주,전자부품 제조업,IT부품,디스플레이
872,067830,세이브존I&C,"1,481억원","4,104만주",종합 소매업,유통업,소매(유통)
873,067900,와이엔텍,891억원,"1,819만주",폐기물 처리업,환경,운송
874,067920,이글루시큐리티,476억원,"1,099만주",기타 정보 서비스업,소프트웨어,소프트웨어
875,067990,도이치모터스,"1,436억원","2,626만주",자동차 판매업,자동차판매,소매(유통)
876,068050,팬엔터테인먼트,522억원,"1,374만주","영화, 비디오물, 방송프로그램 제작 및 배급업","오락,문화","미디어,교육"
877,068240,다원시스,"4,252억원","2,600만주","전동기, 발전기 및 전기 변환 · 공급 · 제어 장치 제조업",IT부품,IT하드웨어
878,068270,셀트리온,"287,294억원","12,545만주",기초 의약물질 및 생물학적 제제 제조업,의약품,건강관리
879,068290,삼성출판사,"1,265억원","1,000만주","서적, 잡지 및 기타 인쇄물 출판업",서비스업,"화장품,의류,완구"
880,068330,일신바이오,888억원,"4,421만주",일반 목적용 기계 제조업,"기계,장비",건강관리
881,068760,셀트리온제약,"24,004억원","3,404만주",의약품 제조업,제약,건강관리
882,068790,DMS,"1,151억원","2,303만주",특수 목적용 기계 제조업,"기계,장비",디스플레이
883,068930,디지털대성,"1,040억원","2,244만주",일반 교습 학원,교육,"미디어,교육"
884,068940,아이씨케이,445억원,"3,117만주",전자부품 제조업,정보기기,IT하드웨어
885,069080,웹젠,"6,002억원","3,531만주",소프트웨어 개발 및 공급업,디지털컨텐츠,소프트웨어
886,069110,코스온,"2,011억원","1,862만주",기타 화학제품 제조업,화학,"화장품,의류,완구"
887,069140,누리플랜,276억원,475만주,"구조용 금속제품, 탱크 및 증기발생기 제조업",금속,"상사,자본재"
888,069330,유아이디,216억원,"1,188만주",전자부품 제조업,IT부품,디스플레이
889,069410,엔텔스,748억원,689만주,소프트웨어 개발 및 공급업,소프트웨어,소프트웨어
890,069460,대호에이엘,"1,470억원","2,713만주",1차 비철금속 제조업,철강금속,"비철,목재등"
891,069510,에스텍,"1,118억원","1,091만주",영상 및 음향기기 제조업,일반전기전자,IT하드웨어
892,069540,라이트론,"1,208억원","1,416만주",통신 및 방송 장비 제조업,통신장비,IT하드웨어
893,069620,대웅제약,"21,782억원","1,158만주",의약품 제조업,의약품,건강관리
894,069730,DSR제강,548억원,"1,440만주",1차 철강 제조업,철강금속,철강
895,069920,아이에스이커머스,"1,072억원","2,551만주",무점포 소매업,소매,소매(유통)
896,070960,용평리조트,"2,685억원","4,813만주",일반 및 생활 숙박시설 운영업,서비스업,"호텔,레저서비스"
897,071090,하이스틸,539억원,199만주,1차 철강 제조업,철강금속,철강
898,071200,인피니트헬스케어,"1,580억원","2,439만주",소프트웨어 개발 및 공급업,소프트웨어,건강관리
899,071280,로체시스템즈,521억원,"1,529만주",특수 목적용 기계 제조업,반도체,디스플레이
900,071320,지역난방공사,"6,877억원","1,157만주","증기, 냉·온수 및 공기조절 공급업",전기가스업,유틸리티
901,071670,에이테크솔루션,741억원,"1,000만주",특수 목적용 기계 제조업,"기계,장비",기계
902,071840,롯데하이마트,"12,630억원","2,360만주",가전제품 및 정보통신장비 소매업,유통업,소매(유통)
903,071850,캐스텍코리아,535억원,"1,442만주",자동차 신품 부품 제조업,"운송장비,부품",자동차
904,071950,코아스,404억원,"3,090만주",가구 제조업,미분류,"건설,건축관련"
905,071970,STX중공업,281억원,"2,483만주",일반 목적용 기계 제조업,기계,조선
906,072020,중앙백신,"1,882억원",996만주,기초 의약물질 및 생물학적 제제 제조업,제약,건강관리
907,072130,유엔젤,433억원,"1,319만주","자료처리, 호스팅, 포털 및 기타 인터넷 정보매개 서비스업",서비스업,소프트웨어
908,072470,우리산업홀딩스,783억원,"1,888만주",자동차 신품 부품 제조업,"운송장비,부품",자동차
909,072710,농심홀딩스,"3,297억원",463만주,기타 금융업,기타금융업,필수소비재
910,072870,메가스터디,"1,311억원","1,192만주","서적, 잡지 및 기타 인쇄물 출판업","출판,매체복제","미디어,교육"
911,072950,빛샘전자,336억원,600만주,전자부품 제조업,반도체,IT하드웨어
912,072990,에이치시티,460억원,457만주,기타 과학기술 서비스업,전문기술,IT하드웨어
913,073010,케이에스피,283억원,754만주,일반 목적용 기계 제조업,"기계,장비",조선
914,073110,엘엠에스,536억원,889만주,전자부품 제조업,IT부품,디스플레이
915,073190,듀오백,224억원,"1,196만주",가구 제조업,기타제조,"건설,건축관련"
916,073240,금호타이어,"14,679억원","28,726만주",고무제품 제조업,화학,자동차
917,073490,이노와이어리스,"1,215억원",600만주,통신 및 방송 장비 제조업,통신장비,IT하드웨어
918,073540,에프알텍,298억원,"1,140만주",통신 및 방송 장비 제조업,통신장비,IT하드웨어
919,073560,우리손에프앤지,"1,135억원","6,923만주","도축, 육류 가공 및 저장 처리업","음식료,담배",필수소비재
920,074430,아미노로직스,"1,690억원","8,782만주",기타 전문 도매업,도매,건강관리
921,074600,원익QnC,"2,878억원","2,628만주",유리 및 유리제품 제조업,비금속,반도체
922,075130,플랜티넷,392억원,896만주,"컴퓨터 프로그래밍, 시스템 통합 및 관리업",컴퓨터서비스,소프트웨어
923,075180,새론오토모티브,853억원,"1,920만주",자동차 신품 부품 제조업,운수장비,자동차
924,075580,세진중공업,"1,492억원","3,837만주",선박 및 보트 건조업,운수장비,조선
925,075970,동국알앤에스,388억원,"1,840만주",기타 비금속 광물제품 제조업,비금속,"비철,목재등"
926,076080,웰크론한텍,404억원,"1,936만주",건물 건설업,종합건설,기계
927,077360,덕산하이메탈,"1,219억원","2,271만주",반도체 제조업,일반전기전자,반도체
928,077500,유니퀘스트,"1,817억원","2,716만주",기계장비 및 관련 물품 도매업,유통업,반도체
929,077970,STX엔진,"1,603억원","2,300만주",일반 목적용 기계 제조업,기계,조선
930,078000,텔코웨어,"1,319억원",970만주,"자료처리, 호스팅, 포털 및 기타 인터넷 정보매개 서비스업",서비스업,소프트웨어
931,078020,이베스트투자증권,"3,724억원","4,048만주",금융 지원 서비스업,금융서비스,증권
932,078070,유비쿼스홀딩스,"1,127억원","1,869만주",기타 금융업,일반전기전자,IT하드웨어
933,078130,국일제지,998억원,"11,639만주",기타 종이 및 판지 제품 제조업,"종이,목재","비철,목재등"
934,078140,대봉엘에스,736억원,"1,108만주",의약품 제조업,제약,건강관리
935,078150,HB테크놀러지,"2,148억원","7,899만주",특수 목적용 기계 제조업,"기계,장비",디스플레이
936,078160,메디포스트,"6,452억원",786만주,기초 의약물질 및 생물학적 제제 제조업,제약,건강관리
937,078340,컴투스,"17,138억원","1,286만주",소프트웨어 개발 및 공급업,디지털컨텐츠,소프트웨어
938,078520,에이블씨엔씨,"2,355억원","2,482만주",기타 화학제품 제조업,화학,"화장품,의류,완구"
939,078600,대주전자재료,"2,575억원","1,455만주",전자부품 제조업,IT부품,IT하드웨어
940,078860,아이오케이,771억원,"3,974만주","영화, 비디오물, 방송프로그램 제작 및 배급업","오락,문화","미디어,교육"
941,078890,가온미디어,849억원,"1,451만주",통신 및 방송 장비 제조업,통신장비,IT가전
942,078930,GS,"48,408억원","9,291만주",기타 금융업,기타금융업,에너지
943,079000,와토스코리아,390억원,720만주,플라스틱제품 제조업,화학,"건설,건축관련"
944,079160,CJ CGV,"8,411억원","2,116만주","영화, 비디오물, 방송프로그램 제작 및 배급업",서비스업,"미디어,교육"
945,079190,EMW,883억원,"3,178만주",통신 및 방송 장비 제조업,통신장비,IT하드웨어
946,079370,제우스,"1,256억원","1,038만주",특수 목적용 기계 제조업,"기계,장비",반도체
947,079550,LIG넥스원,"8,646억원","2,200만주",무기 및 총포탄 제조업,기계,"상사,자본재"
948,079650,서산,617억원,"2,000만주","시멘트, 석회, 플라스터 및 그 제품 제조업",비금속,"건설,건축관련"
949,079810,디이엔티,208억원,897만주,특수 목적용 기계 제조업,"기계,장비",디스플레이
950,079940,가비아,892억원,"1,353만주",소프트웨어 개발 및 공급업,인터넷,소프트웨어
951,079950,인베니아,793억원,"2,320만주",특수 목적용 기계 제조업,"기계,장비",디스플레이
952,079960,동양이엔피,747억원,786만주,"전동기, 발전기 및 전기 변환 · 공급 · 제어 장치 제조업",IT부품,IT가전
953,079970,투비소프트,"1,562억원","2,437만주",소프트웨어 개발 및 공급업,소프트웨어,소프트웨어
954,080000,에스엔유,822억원,"3,432만주",특수 목적용 기계 제조업,"기계,장비",디스플레이
955,080010,이상네트웍스,738억원,901만주,상품 중개업,인터넷,소매(유통)
956,080160,모두투어,"4,923억원","1,890만주",여행사 및 기타 여행보조 서비스업,사업지원,"호텔,레저서비스"
957,080220,제주반도체,"1,148억원","2,856만주",반도체 제조업,반도체,반도체
958,080420,모다이노칩,"3,208억원","3,986만주","섬유, 의복, 신발 및 가죽제품 소매업",IT부품,IT하드웨어
959,080470,성창오토텍,524억원,730만주,자동차 신품 부품 제조업,"운송장비,부품",자동차
960,080520,오디텍,627억원,"1,174만주",반도체 제조업,반도체,반도체
961,080530,코디,425억원,"1,186만주",기타 화학제품 제조업,화학,"화장품,의류,완구"
962,080580,오킨스전자,183억원,620만주,전자부품 제조업,반도체,반도체
963,081000,일진다이아,"2,379억원","1,127만주",기타 화학제품 제조업,화학,"비철,목재등"
964,081150,티플랙스,607억원,"2,426만주",기타 금속 가공제품 제조업,금속,"비철,목재등"
965,081580,성우전자,465억원,"1,550만주",통신 및 방송 장비 제조업,IT부품,IT하드웨어
966,082210,옵트론텍,961억원,"2,256만주",사진장비 및 광학기기 제조업,IT부품,IT하드웨어
967,082270,젬백스,"4,155억원","3,434만주",특수 목적용 기계 제조업,"기계,장비",반도체
968,082640,동양생명,"9,439억원","16,135만주",보험업,보험업,보험
969,082740,HSD엔진,"1,476억원","3,294만주",일반 목적용 기계 제조업,기계,조선
970,082920,비츠로셀,"2,341억원","1,959만주",일차전지 및 축전지 제조업,IT부품,IT가전
971,083310,엘오티베큠,990억원,"1,325만주",특수 목적용 기계 제조업,반도체,반도체
972,083420,그린케미칼,745억원,"2,000만주",기타 화학제품 제조업,화학,화학
973,083450,GST,437억원,931만주,특수 목적용 기계 제조업,반도체,반도체
974,083500,에프엔에스테크,275억원,701만주,특수 목적용 기계 제조업,"기계,장비",디스플레이
975,083550,케이엠,779억원,"1,000만주",기타 섬유제품 제조업,"섬유,의류",반도체
976,083640,인콘,"2,171억원","12,627만주",통신 및 방송 장비 제조업,통신장비,IT하드웨어
977,083650,비에이치아이,811억원,"2,600만주",일반 목적용 기계 제조업,"기계,장비",기계
978,083660,CSA 코스믹,975억원,"1,974만주",플라스틱제품 제조업,화학,"화장품,의류,완구"
979,083930,아바코,956억원,"1,599만주",특수 목적용 기계 제조업,"기계,장비",디스플레이
980,084010,대한제강,"1,242억원","2,464만주",1차 철강 제조업,철강금속,철강
981,084370,유진테크,"2,727억원","2,291만주",특수 목적용 기계 제조업,반도체,반도체
982,084650,랩지노믹스,578억원,910만주,자연과학 및 공학 연구개발업,"연구,개발",건강관리
983,084670,동양고속,871억원,299만주,육상 여객 운송업,운수창고업,운송
984,084680,이월드,"1,814억원","9,050만주",유원지 및 기타 오락관련 서비스업,서비스업,"호텔,레저서비스"
985,084690,대상홀딩스,"2,788억원","3,621만주",기타 금융업,기타금융업,필수소비재
986,084730,팅크웨어,683억원,"1,042만주",통신 및 방송 장비 제조업,통신장비,IT가전
987,085310,엔케이,967억원,"7,998만주","구조용 금속제품, 탱크 및 증기발생기 제조업",기계,기계
988,085370,루트로닉,"2,344억원","2,521만주",의료용 기기 제조업,"의료,정밀기기",건강관리
989,085620,미래에셋생명,"7,974억원","17,701만주",보험업,보험업,보험
990,085660,차바이오텍,"10,756억원","5,247만주",기초 의약물질 및 생물학적 제제 제조업,제약,건강관리
991,085670,뉴프렉스,628억원,"2,115만주",전자부품 제조업,IT부품,IT하드웨어
992,085810,알티캐스트,681억원,"2,122만주",소프트웨어 개발 및 공급업,소프트웨어,소프트웨어
993,085910,네오티스,435억원,"1,101만주",자동차 신품 부품 제조업,"운송장비,부품",자동차
994,086040,바이오톡스텍,"1,332억원","1,456만주",자연과학 및 공학 연구개발업,"연구,개발",건강관리
995,086060,진바이오텍,384억원,861만주,동물용 사료 및 조제식품 제조업,"음식료,담배",건강관리
996,086390,유니테스트,"2,398억원","2,113만주",특수 목적용 기계 제조업,반도체,반도체
997,086450,동국제약,"5,326억원",889만주,의약품 제조업,제약,건강관리
998,086520,에코프로,"7,554억원","2,209만주",기타 화학제품 제조업,IT부품,화학
999,086670,비엠티,603억원,814만주,일반 목적용 기계 제조업,"기계,장비",기계
1000,086790,하나금융지주,"115,743억원","30,024만주",기타 금융업,기타금융업,은행
1001,086820,바이오솔루션,"3,276억원",784만주,기초 의약물질 및 생물학적 제제 제조업,제약,건강관리
1002,086890,이수앱지스,"1,791억원","2,662만주",의료용품 및 기타 의약 관련제품 제조업,제약,건강관리
1003,086900,메디톡스,"31,167억원",565만주,기초 의약물질 및 생물학적 제제 제조업,제약,건강관리
1004,086980,쇼박스,"2,419억원","6,260만주","영화, 비디오물, 방송프로그램 제작 및 배급업","오락,문화","미디어,교육"
1005,087010,펩트론,"3,647억원","1,532만주",기초 의약물질 및 생물학적 제제 제조업,제약,건강관리
1006,087260,모바일어플라이언스,765억원,"1,500만주",소프트웨어 개발 및 공급업,소프트웨어,IT가전
1007,087600,픽셀플러스,567억원,816만주,전자부품 제조업,반도체,반도체
1008,088130,동아엘텍,"1,015억원","1,115만주",특수 목적용 기계 제조업,"기계,장비",디스플레이
1009,088290,이원컴포텍,173억원,"1,424만주",자동차 신품 부품 제조업,"운송장비,부품",자동차
1010,088390,이녹스,822억원,935만주,그외 기타 운송장비 제조업,"운송장비,부품","화장품,의류,완구"
1011,088790,진도,607억원,"1,244만주",기타 전문 도매업,유통업,"화장품,의류,완구"
1012,088800,에이스테크,"1,485억원","3,412만주",통신 및 방송 장비 제조업,통신장비,IT하드웨어
1013,088910,동우팜투테이블,923억원,"2,583만주","도축, 육류 가공 및 저장 처리업","음식료,담배",필수소비재
1014,089010,켐트로닉스,689억원,"1,262만주",기타 화학제품 제조업,화학,화학
1015,089030,테크윙,"1,801억원","1,882만주",특수 목적용 기계 제조업,반도체,반도체
1016,089150,케이씨티,318억원,"1,715만주","컴퓨터 프로그래밍, 시스템 통합 및 관리업",컴퓨터서비스,IT하드웨어
1017,089230,THE E&M,792억원,"9,186만주",기타 정보 서비스업,인터넷,소프트웨어
1018,089470,HDC현대EP,"1,336억원","3,190만주",기타 화학제품 제조업,화학,자동차
1019,089530,에이티세미콘,394억원,"6,635만주",반도체 제조업,반도체,반도체
1020,089590,제주항공,"9,224억원","2,635만주",항공 여객 운송업,운수창고업,운송
1021,089600,나스미디어,"2,587억원",875만주,광고업,전문기술,"미디어,교육"
1022,089790,제이티,276억원,"1,001만주",특수 목적용 기계 제조업,반도체,반도체
1023,089850,유비벨록스,393억원,711만주,소프트웨어 개발 및 공급업,소프트웨어,IT하드웨어
1024,089890,코세스,928억원,"1,685만주",특수 목적용 기계 제조업,반도체,반도체
1025,089970,에이피티씨,"1,147억원","2,323만주",특수 목적용 기계 제조업,"기계,장비",반도체
1026,089980,상아프론테크,"1,654억원","1,426만주",플라스틱제품 제조업,화학,IT가전
1027,090080,평화산업,821억원,"3,740만주",자동차 신품 부품 제조업,운수장비,자동차
1028,090150,광진윈텍,210억원,965만주,자동차 신품 부품 제조업,"운송장비,부품",자동차
1029,090350,노루페인트,"1,684억원","2,000만주",기타 화학제품 제조업,화학,"건설,건축관련"
1030,090360,로보스타,"2,486억원",975만주,특수 목적용 기계 제조업,"기계,장비",기계
1031,090370,메타랩스,"1,392억원","4,454만주",봉제의복 제조업,섬유의복,"화장품,의류,완구"
1032,090410,덕신하우징,508억원,"4,006만주","구조용 금속제품, 탱크 및 증기발생기 제조업",금속,"건설,건축관련"
1033,090430,아모레퍼시픽,"88,564억원","5,845만주",기타 화학제품 제조업,화학,"화장품,의류,완구"
1034,090460,비에이치,"4,602억원","3,130만주",전자부품 제조업,IT부품,IT하드웨어
1035,090470,제이스텍,"1,030억원","1,459만주",특수 목적용 기계 제조업,반도체,디스플레이
1036,091120,이엠텍,"2,067억원","1,519만주",전자부품 제조업,IT부품,IT하드웨어
1037,091340,S&K폴리텍,474억원,"1,170만주",전자부품 제조업,IT부품,IT하드웨어
1038,091440,텔레필드,226억원,909만주,통신 및 방송 장비 제조업,통신장비,IT하드웨어
1039,091580,상신이디피,"1,747억원","1,266만주",일차전지 및 축전지 제조업,IT부품,IT하드웨어
1040,091590,남화토건,"1,332억원","1,174만주",건물 건설업,종합건설,"건설,건축관련"
1041,091700,파트론,"4,500억원","5,415만주",전자부품 제조업,IT부품,IT하드웨어
1042,091810,티웨이항공,"3,809억원","4,697만주",항공 여객 운송업,운수창고업,운송
1043,091970,나노캠텍,"1,274억원","2,120만주",플라스틱제품 제조업,화학,화학
1044,091990,셀트리온헬스케어,"109,470억원","14,052만주",기타 전문 도매업,도매,건강관리
1045,092040,아미코젠,"5,767억원","1,919만주",기타 식품 제조업,"음식료,담배",건강관리
1046,092070,디엔에프,860억원,"1,076만주",기타 화학제품 제조업,화학,반도체
1047,092130,이크레더블,"1,932억원","1,204만주",기타 정보 서비스업,기타서비스,"상사,자본재"
1048,092200,디아이씨,"1,240억원","2,246만주",자동차 신품 부품 제조업,운수장비,자동차
1049,092220,KEC,"1,130억원","11,245만주",반도체 제조업,전기전자,반도체
1050,092230,KPX홀딩스,"2,644억원",422만주,기초 화학물질 제조업,화학,화학
1051,092440,기신정기,992억원,"2,920만주",특수 목적용 기계 제조업,기계,기계
1052,092730,네오팜,"3,249억원",746만주,기타 화학제품 제조업,화학,"화장품,의류,완구"
1053,092780,동양피스톤,566억원,"1,316만주",자동차용 엔진 및 자동차 제조업,운수장비,자동차
1054,092870,엑시콘,527억원,888만주,특수 목적용 기계 제조업,반도체,반도체
1055,093050,LF,"7,587억원","2,924만주",봉제의복 제조업,섬유의복,"화장품,의류,완구"
1056,093190,빅솔론,"1,233억원","1,923만주",컴퓨터 및 주변장치 제조업,정보기기,IT하드웨어
1057,093230,이아이디,511억원,"24,218만주",기타 전문 도매업,유통업,에너지
1058,093320,케이아이엔엑스,"1,144억원",488만주,"자료처리, 호스팅, 포털 및 기타 인터넷 정보매개 서비스업",인터넷,소프트웨어
1059,093380,풍강,248억원,987만주,기타 금속 가공제품 제조업,금속,자동차
1060,093520,매커스,683억원,"1,616만주",기계장비 및 관련 물품 도매업,도매,IT하드웨어
1061,093640,다믈멀티미디어,415억원,740만주,반도체 제조업,반도체,반도체
1062,093920,서원인텍,939억원,"1,860만주",통신 및 방송 장비 제조업,IT부품,IT하드웨어
1063,094170,동운아나텍,720억원,"1,248만주",반도체 제조업,반도체,IT하드웨어
1064,094360,칩스앤미디어,499억원,741만주,소프트웨어 개발 및 공급업,소프트웨어,반도체
1065,094820,일진파워,781억원,"1,507만주",전기 및 통신 공사업,전문건설,"건설,건축관련"
1066,094840,슈프리마에이치큐,679억원,"1,047만주",통신 및 방송 장비 제조업,컴퓨터서비스,IT하드웨어
1067,094850,참좋은여행,"1,201억원","1,400만주",여행사 및 기타 여행보조 서비스업,사업지원,"호텔,레저서비스"
1068,094940,푸른기술,"1,600억원",657만주,컴퓨터 및 주변장치 제조업,정보기기,IT하드웨어
1069,094970,제이엠티,457억원,"1,674만주",전자부품 제조업,IT부품,디스플레이
1070,095190,이엠코리아,"1,426억원","3,633만주",특수 목적용 기계 제조업,"기계,장비",기계
1071,095270,웨이브일렉트로,"2,602억원","1,079만주","측정, 시험, 항해, 제어 및 기타 정밀기기 제조업; 광학기기 제외",IT부품,IT하드웨어
1072,095340,ISC,"1,239억원","1,386만주",전자부품 제조업,반도체,반도체
1073,095500,미래나노텍,753억원,"2,328만주",플라스틱제품 제조업,IT부품,디스플레이
1074,095570,AJ네트웍스,"2,247억원","4,682만주",산업용 기계 및 장비 임대업,서비스업,운송
1075,095610,테스,"2,579억원","1,976만주",특수 목적용 기계 제조업,반도체,반도체
1076,095660,네오위즈,"3,090억원","2,191만주",소프트웨어 개발 및 공급업,디지털컨텐츠,소프트웨어
1077,095700,제넥신,"15,728억원","2,042만주",자연과학 및 공학 연구개발업,"연구,개발",건강관리
1078,095720,웅진씽크빅,"1,384억원","3,462만주",초등 교육기관,서비스업,"미디어,교육"
1079,095910,에스에너지,721억원,"1,336만주","전동기, 발전기 및 전기 변환 · 공급 · 제어 장치 제조업",IT부품,에너지
1080,096040,이트론,436억원,"23,994만주",기타 전문 도매업,정보기기,IT하드웨어
1081,096240,청담러닝,"1,577억원",767만주,일반 교습 학원,교육,"미디어,교육"
1082,096350,대창솔루션,667억원,"10,845만주","구조용 금속제품, 탱크 및 증기발생기 제조업",금속,기계
1083,096530,씨젠,"4,669억원","2,623만주",의료용품 및 기타 의약 관련제품 제조업,제약,건강관리
1084,096610,알에프세미,552억원,812만주,반도체 제조업,반도체,IT하드웨어
1085,096630,에스코넥,"1,008억원","6,526만주",통신 및 방송 장비 제조업,IT부품,IT하드웨어
1086,096640,멜파스,529억원,"2,125만주",전자부품 제조업,IT부품,IT하드웨어
1087,096760,JW홀딩스,"4,453억원","6,325만주",기타 금융업,기타금융업,건강관리
1088,096770,SK이노베이션,"188,629억원","9,246만주",석유 정제품 제조업,화학,에너지
1089,096870,엘디티,216억원,667만주,반도체 제조업,반도체,디스플레이
1090,097520,엠씨넥스,"1,917억원","1,379만주",영상 및 음향기기 제조업,IT부품,IT하드웨어
1091,097780,에스맥,"2,529억원","22,093만주",통신 및 방송 장비 제조업,IT부품,IT하드웨어
1092,097800,윈팩,552억원,"3,409만주",반도체 제조업,반도체,반도체
1093,097950,CJ제일제당,"52,012억원","1,505만주",기타 식품 제조업,음식료품,필수소비재
1094,098120,마이크로컨텍솔,235억원,831만주,전자부품 제조업,반도체,반도체
1095,098460,고영,"11,867억원","1,368만주",특수 목적용 기계 제조업,"기계,장비",IT하드웨어
1096,098660,에스티오,228억원,845만주,봉제의복 제조업,"섬유,의류","화장품,의류,완구"
1097,099190,아이센스,"3,049억원","1,373만주",의료용 기기 제조업,"의료,정밀기기",건강관리
1098,099220,SDN,613억원,"3,997만주",기계장비 및 관련 물품 도매업,도매,에너지
1099,099320,쎄트렉아이,925억원,365만주,"항공기,우주선 및 부품 제조업",통신장비,"상사,자본재"
1100,099410,동방선기,226억원,"1,354만주",선박 및 보트 건조업,"운송장비,부품",조선
1101,099440,스맥,903억원,"2,722만주",특수 목적용 기계 제조업,"기계,장비",기계
1102,100030,모바일리더,319억원,328만주,소프트웨어 개발 및 공급업,소프트웨어,소프트웨어
1103,100090,삼강엠앤티,"1,509억원","2,602만주",1차 철강 제조업,금속,조선
1104,100120,뷰웍스,"3,565억원","1,000만주",의료용 기기 제조업,"의료,정밀기기",건강관리
1105,100130,동국S&C,"1,742억원","5,714만주","구조용 금속제품, 탱크 및 증기발생기 제조업",금속,기계
1106,100220,비상교육,899억원,"1,299만주","서적, 잡지 및 기타 인쇄물 출판업",서비스업,"미디어,교육"
1107,100250,진양홀딩스,"1,330억원","5,589만주",플라스틱제품 제조업,화학,화학
1108,100660,서암기계공업,500억원,"1,260만주",일반 목적용 기계 제조업,"기계,장비",기계
1109,100700,세운메디칼,"1,550억원","4,380만주",의료용품 및 기타 의약 관련제품 제조업,제약,건강관리
1110,101060,SBS미디어홀딩스,"3,336억원","13,989만주",텔레비전 방송업,서비스업,"미디어,교육"
1111,101160,월덱스,825억원,"1,651만주",전자부품 제조업,반도체,반도체
1112,101240,씨큐브,480억원,805만주,기초 화학물질 제조업,화학,"화장품,의류,완구"
1113,101330,모베이스,872억원,"2,395만주",통신 및 방송 장비 제조업,IT부품,IT하드웨어
1114,101390,아이엠,516억원,"3,757만주",전자부품 제조업,IT부품,IT하드웨어
1115,101400,엔시트론,711억원,"10,348만주",반도체 제조업,반도체,반도체
1116,101490,에스앤에스텍,696억원,"1,973만주",전자부품 제조업,반도체,반도체
1117,101670,코리아에스이,260억원,"1,890만주","구조용 금속제품, 탱크 및 증기발생기 제조업",금속,"건설,건축관련"
1118,101930,인화정공,524억원,933만주,선박 및 보트 건조업,"운송장비,부품",조선
1119,102120,어보브반도체,813억원,"1,745만주",반도체 제조업,반도체,반도체
1120,102280,쌍방울,"1,336억원","12,912만주",봉제의복 제조업,섬유의복,"화장품,의류,완구"
1121,102460,이연제약,"2,934억원","1,677만주",의약품 제조업,의약품,건강관리
1122,102710,이엔에프테크놀로지,"1,750억원","1,422만주",기타 화학제품 제조업,화학,화학
1123,102940,코오롱생명과학,"9,654억원","1,141만주",기초 의약물질 및 생물학적 제제 제조업,제약,건강관리
1124,103140,풍산,"7,510억원","2,802만주",1차 비철금속 제조업,철강금속,"비철,목재등"
1125,103230,에스앤더블류,"1,076억원",720만주,일반 목적용 기계 제조업,"기계,장비",조선
1126,103590,일진전기,"1,182억원","3,708만주",절연선 및 케이블 제조업,전기전자,기계
1127,104040,대성파인텍,508억원,"3,130만주",자동차 신품 부품 제조업,"운송장비,부품",자동차
1128,104200,NHN벅스,993억원,"1,482만주",소프트웨어 개발 및 공급업,디지털컨텐츠,"미디어,교육"
1129,104480,티케이케미칼,"2,113억원","9,089만주",화학섬유 제조업,화학,화학
1130,104540,코렌텍,650억원,993만주,의료용 기기 제조업,"의료,정밀기기",건강관리
1131,104830,원익머트리얼즈,"3,139억원","1,260만주",기초 화학물질 제조업,반도체,화학
1132,105330,케이엔더블유,236억원,566만주,전자부품 제조업,일반전기전자,자동차
1133,105550,트루윈,543억원,"1,104만주",전자부품 제조업,일반전기전자,자동차
1134,105560,KB금융,"195,676억원","41,811만주",기타 금융업,기타금융업,은행
1135,105740,디케이락,687억원,823만주,일반 목적용 기계 제조업,"기계,장비",기계
1136,105840,우진,887억원,"1,754만주","측정, 시험, 항해, 제어 및 기타 정밀기기 제조업; 광학기기 제외",의료정밀,기계
1137,106190,하이텍팜,"1,066억원",708만주,기타 전문 도매업,도매,건강관리
1138,106240,파인테크닉스,564억원,"3,760만주",통신 및 방송 장비 제조업,IT부품,IT하드웨어
1139,106520,디지탈옵틱,563억원,"5,049만주",사진장비 및 광학기기 제조업,"의료,정밀기기",IT하드웨어
1140,107590,미원홀딩스,846억원,233만주,기타 금융업,기타금융업,화학
1141,108230,톱텍,"4,194억원","3,679만주",특수 목적용 기계 제조업,"기계,장비",디스플레이
1142,108380,대양전기공업,"1,171억원",956만주,선박 및 보트 건조업,"운송장비,부품",조선
1143,108860,셀바스AI,927억원,"2,205만주",소프트웨어 개발 및 공급업,소프트웨어,건강관리
1144,109070,컨버즈,724억원,"1,177만주","골판지, 종이 상자 및 종이용기 제조업",종이목재,"비철,목재등"
1145,109080,옵티시스,368억원,563만주,통신 및 방송 장비 제조업,통신장비,IT하드웨어
1146,109740,디에스케이,"1,485억원","2,035만주",특수 목적용 기계 제조업,"기계,장비",디스플레이
1147,109820,진매트릭스,495억원,"1,532만주",자연과학 및 공학 연구개발업,"연구,개발",건강관리
1148,109860,동일금속,742억원,700만주,금속 주조업,금속,기계
1149,109960,에이프로젠 H&G,"1,649억원","17,869만주",기타 전문 도매업,도매,건강관리
1150,110790,크리스에프앤씨,"2,647억원","1,171만주",봉제의복 제조업,"섬유,의류","화장품,의류,완구"
1151,110990,디아이티,"1,258억원","1,890만주",특수 목적용 기계 제조업,IT부품,디스플레이
1152,111770,영원무역,"17,037억원","4,431만주",상품 종합 도매업,유통업,"화장품,의류,완구"
1153,112040,위메이드,"4,334억원","1,680만주",소프트웨어 개발 및 공급업,디지털컨텐츠,소프트웨어
1154,112610,씨에스윈드,"5,453억원","1,728만주","구조용 금속제품, 탱크 및 증기발생기 제조업",기계,기계
1155,113810,디젠스,180억원,"3,262만주",자동차 신품 부품 제조업,"운송장비,부품",자동차
1156,114090,GKL,"14,567억원","6,185만주",유원지 및 기타 오락관련 서비스업,서비스업,"호텔,레저서비스"
1157,114120,크루셜텍,659억원,"4,576만주",전자부품 제조업,IT부품,IT하드웨어
1158,114450,KPX생명과학,654억원,"1,500만주",기초 의약물질 및 생물학적 제제 제조업,제약,건강관리
1159,114570,지스마트글로벌,611억원,"2,176만주",반도체 제조업,반도체,디스플레이
1160,114810,아이원스,"1,157억원","1,341만주",특수 목적용 기계 제조업,IT부품,반도체
1161,115180,큐리언트,"1,890억원",853만주,자연과학 및 공학 연구개발업,"연구,개발",건강관리
1162,115310,인포바인,740억원,319만주,전기 통신업,통신서비스,소프트웨어
1163,115390,락앤락,"10,367억원","5,500만주",플라스틱제품 제조업,화학,"비철,목재등"
1164,115440,우리넷,338억원,636만주,통신 및 방송 장비 제조업,통신장비,IT하드웨어
1165,115480,씨유메디칼,430억원,"1,589만주",의료용 기기 제조업,"의료,정밀기기",소매(유통)
1166,115500,케이씨에스,482억원,"1,200만주","컴퓨터 프로그래밍, 시스템 통합 및 관리업",컴퓨터서비스,소프트웨어
1167,115530,씨엔플러스,358억원,"4,268만주",전자부품 제조업,IT부품,IT하드웨어
1168,115570,스타플렉스,311억원,645만주,플라스틱제품 제조업,화학,화학
1169,115610,이미지스,312억원,766만주,반도체 제조업,반도체,IT하드웨어
1170,115960,연우,"2,541억원","1,239만주",플라스틱제품 제조업,화학,"비철,목재등"
1171,117580,대성에너지,"1,485억원","2,750만주",연료용 가스 제조 및 배관공급업,전기가스업,유틸리티
1172,117670,알파홀딩스,"1,478억원","1,314만주",반도체 제조업,반도체,반도체
1173,118000,우리들휴브레인,619억원,"2,429만주",기계장비 및 관련 물품 도매업,유통업,소프트웨어
1174,118990,모트렉스,"1,152억원","2,725만주",자동차 신품 부품 제조업,"운송장비,부품",자동차
1175,119500,포메탈,361억원,"1,184만주",기타 금속 가공제품 제조업,금속,기계
1176,119610,인터로조,"2,153억원","1,098만주",사진장비 및 광학기기 제조업,"의료,정밀기기",건강관리
1177,119650,KC코트렐,523억원,"1,300만주",일반 목적용 기계 제조업,기계,기계
1178,119850,지엔씨에너지,650억원,"1,629만주","전동기, 발전기 및 전기 변환 · 공급 · 제어 장치 제조업",일반전기전자,기계
1179,119860,다나와,"2,248억원","1,307만주",소프트웨어 개발 및 공급업,인터넷,소매(유통)
1180,120030,조선선재,994억원,125만주,기타 금속 가공제품 제조업,기계,철강
1181,120110,코오롱인더,"14,406억원","2,697만주",화학섬유 제조업,화학,화학
1182,120240,대정화금,983억원,710만주,기초 화학물질 제조업,화학,화학
1183,121440,골프존뉴딘홀딩스,"1,743억원","4,283만주",상품 중개업,도매,"화장품,의류,완구"
1184,121600,나노신소재,"1,545억원","1,084만주",기타 화학제품 제조업,화학,화학
1185,121800,비덴트,"2,467억원","2,485만주",통신 및 방송 장비 제조업,통신장비,IT하드웨어
1186,121850,코이즈,265억원,"1,053만주",플라스틱제품 제조업,IT부품,디스플레이
1187,121890,에스디시스템,175억원,876만주,전자부품 제조업,정보기기,IT하드웨어
1188,122310,제노레이,921억원,417만주,의료용 기기 제조업,"의료,정밀기기",건강관리
1189,122450,KMH,"1,696억원","2,178만주",텔레비전 방송업,방송서비스,"미디어,교육"
1190,122640,예스티,829억원,"1,100만주",특수 목적용 기계 제조업,반도체,반도체
1191,122690,서진오토모티브,437억원,"1,954만주",자동차 신품 부품 제조업,"운송장비,부품",자동차
1192,122870,와이지엔터테인먼트,"7,447억원","1,818만주",오디오물 출판 및 원판 녹음업,"오락,문화","미디어,교육"
1193,122900,아이마켓코리아,"2,835억원","3,594만주",상품 종합 도매업,유통업,"상사,자본재"
1194,122990,와이솔,"3,862억원","2,414만주",전자부품 제조업,반도체,IT하드웨어
1195,123040,엠에스오토텍,522억원,"2,720만주",자동차 신품 부품 제조업,"운송장비,부품",자동차
1196,123330,제닉,536억원,700만주,기타 화학제품 제조업,화학,"화장품,의류,완구"
1197,123410,코리아에프티,767억원,"2,784만주",자동차 신품 부품 제조업,"운송장비,부품",자동차
1198,123420,선데이토즈,"2,311억원",956만주,소프트웨어 개발 및 공급업,디지털컨텐츠,소프트웨어
1199,123570,이엠넷,503억원,"2,227만주",광고업,전문기술,"미디어,교육"
1200,123750,알톤스포츠,604억원,"1,274만주",그외 기타 운송장비 제조업,"운송장비,부품","화장품,의류,완구"
1201,123860,아나패스,"1,691억원","1,012만주",반도체 제조업,반도체,디스플레이
1202,124500,아이티센,679억원,"1,570만주","컴퓨터 프로그래밍, 시스템 통합 및 관리업",컴퓨터서비스,소프트웨어
1203,126600,코프라,533억원,"2,111만주",합성고무 및 플라스틱 물질 제조업,화학,자동차
1204,126700,하이비젼시스템,"1,458억원","1,494만주",사진장비 및 광학기기 제조업,"의료,정밀기기",IT하드웨어
1205,126870,뉴로스,847억원,"1,915만주",일반 목적용 기계 제조업,"기계,장비",기계
1206,126880,제이엔케이히터,601억원,"1,677만주",일반 목적용 기계 제조업,"기계,장비",기계
1207,127120,디엔에이링크,493억원,"1,073만주",자연과학 및 공학 연구개발업,"연구,개발",건강관리
1208,127160,매직마이크로,"2,429억원","5,882만주",전자부품 제조업,반도체,디스플레이
1209,127710,아시아경제,590억원,"2,524만주","자료처리, 호스팅, 포털 및 기타 인터넷 정보매개 서비스업",디지털컨텐츠,"미디어,교육"
1210,128660,피제이메탈,505억원,"2,480만주",1차 비철금속 제조업,금속,"비철,목재등"
1211,128820,대성산업,"1,965억원","4,523만주",연료 소매업,유통업,에너지
1212,129260,인터지스,697억원,"2,974만주",도로 화물 운송업,운수창고업,운송
1213,130500,GH신소재,297억원,"1,100만주",기타 섬유제품 제조업,"섬유,의류",자동차
1214,130580,나이스디앤비,"1,090억원","1,540만주",기타 사업지원 서비스업,사업지원,"상사,자본재"
1215,130740,티피씨글로벌,263억원,945만주,자동차 신품 부품 제조업,"운송장비,부품",자동차
1216,131030,디에이치피코리아,"1,585억원","1,656만주",의약품 제조업,제약,건강관리
1217,131090,시큐브,565억원,"3,600만주",소프트웨어 개발 및 공급업,소프트웨어,소프트웨어
1218,131180,딜리,529억원,"2,935만주",컴퓨터 및 주변장치 제조업,정보기기,IT하드웨어
1219,131220,대한과학,322억원,745만주,기계장비 및 관련 물품 도매업,도매,건강관리
1220,131290,티에스이,793억원,"1,106만주","측정, 시험, 항해, 제어 및 기타 정밀기기 제조업; 광학기기 제외",반도체,반도체
1221,131370,알서포트,"1,089억원","5,326만주",소프트웨어 개발 및 공급업,디지털컨텐츠,소프트웨어
1222,131760,파인텍,306억원,"1,151만주",특수 목적용 기계 제조업,IT부품,디스플레이
1223,131970,테스나,"1,554억원",685만주,"그외 기타 전문, 과학 및 기술 서비스업",반도체,반도체
1224,133750,메가엠디,571억원,"2,236만주",일반 교습 학원,교육,"미디어,교육"
1225,134060,이퓨쳐,183억원,476만주,"서적, 잡지 및 기타 인쇄물 출판업","출판,매체복제","미디어,교육"
1226,134380,미원화학,877억원,218만주,기타 화학제품 제조업,화학,화학
1227,134580,디엠티,403억원,"1,125만주",통신 및 방송 장비 제조업,통신장비,IT가전
1228,134790,시디즈,858억원,200만주,가구 제조업,미분류,"건설,건축관련"
1229,136480,하림,"2,434억원","8,694만주","도축, 육류 가공 및 저장 처리업","음식료,담배",필수소비재
1230,136490,선진,"2,722억원","2,377만주",동물용 사료 및 조제식품 제조업,음식료품,필수소비재
1231,136540,윈스,"1,365억원","1,208만주","컴퓨터 프로그래밍, 시스템 통합 및 관리업",소프트웨어,소프트웨어
1232,137400,피엔티,956억원,881만주,특수 목적용 기계 제조업,"기계,장비",IT가전
1233,137940,넥스트아이,"1,681억원","6,848만주","측정, 시험, 항해, 제어 및 기타 정밀기기 제조업; 광학기기 제외","의료,정밀기기",디스플레이
1234,137950,제이씨케미칼,661억원,"1,934만주",기타 화학제품 제조업,화학,에너지
1235,138040,메리츠금융지주,"16,616억원","14,022만주",기타 금융업,기타금융업,보험
1236,138070,신진에스엠,502억원,897만주,기타 금속 가공제품 제조업,금속,기계
1237,138080,오이솔루션,"1,114억원",773만주,통신 및 방송 장비 제조업,통신장비,IT하드웨어
1238,138250,엔에스쇼핑,"4,026억원","3,369만주",무점포 소매업,유통업,소매(유통)
1239,138490,코오롱플라스틱,"2,112억원","3,800만주",합성고무 및 플라스틱 물질 제조업,화학,화학
1240,138580,비즈니스온,"1,336억원",954만주,소프트웨어 개발 및 공급업,소프트웨어,소프트웨어
1241,138610,나이벡,555억원,636만주,의료용품 및 기타 의약 관련제품 제조업,제약,건강관리
1242,138690,엘아이에스,"1,935억원","1,542만주",특수 목적용 기계 제조업,반도체,디스플레이
1243,138930,BNK금융지주,"25,683억원","32,593만주",기타 금융업,기타금융업,은행
1244,139130,DGB금융지주,"14,834억원","16,914만주",기타 금융업,기타금융업,은행
1245,139480,이마트,"53,521억원","2,787만주",종합 소매업,유통업,소매(유통)
1246,140070,서플러스글로벌,"1,068억원","3,698만주",기계장비 및 관련 물품 도매업,도매,반도체
1247,140410,메지온,"8,023억원",861만주,자연과학 및 공학 연구개발업,"연구,개발",건강관리
1248,140520,대창스틸,540억원,"2,000만주",1차 철강 제조업,금속,철강
1249,140670,알에스오토메이션,942억원,910만주,전자부품 제조업,IT부품,기계
1250,140860,파크시스템스,"2,572억원",664만주,"측정, 시험, 항해, 제어 및 기타 정밀기기 제조업; 광학기기 제외","의료,정밀기기",IT하드웨어
1251,141000,비아트론,"1,296억원","1,211만주",특수 목적용 기계 제조업,반도체,디스플레이
1252,141020,포티스,"1,267억원","4,784만주",무점포 소매업,소매,소매(유통)
1253,141080,레고켐바이오,"6,311억원","1,058만주",자연과학 및 공학 연구개발업,"연구,개발",건강관리
1254,142210,유니트론텍,444억원,993만주,자동차 부품 및 내장품 판매업,자동차판매,반도체
1255,142280,녹십자엠에스,"1,434억원",956만주,의료용품 및 기타 의약 관련제품 제조업,제약,건강관리
1256,142760,바이오리더스,"1,947억원","1,596만주",자연과학 및 공학 연구개발업,"연구,개발",건강관리
1257,143160,아이디스,"2,534억원","1,071만주",통신 및 방송 장비 제조업,통신장비,IT하드웨어
1258,143240,사람인에이치알,"2,175억원","1,163만주","자료처리, 호스팅, 포털 및 기타 인터넷 정보매개 서비스업",인터넷,"상사,자본재"
1259,143540,영우디에스피,251억원,"1,219만주",특수 목적용 기계 제조업,반도체,디스플레이
1260,144960,뉴파워프라즈마,"1,056억원",825만주,특수 목적용 기계 제조업,"기계,장비",반도체
1261,145720,덴티움,"7,449억원","1,106만주",의료용 기기 제조업,의료정밀,건강관리
1262,145990,삼양사,"5,978억원","1,028만주",기타 식품 제조업,음식료품,필수소비재
1263,147760,마이크로프랜드,474억원,"1,081만주","측정, 시험, 항해, 제어 및 기타 정밀기기 제조업; 광학기기 제외","의료,정밀기기",반도체
1264,147830,제룡산업,678억원,"1,000만주","구조용 금속제품, 탱크 및 증기발생기 제조업",금속,기계
1265,148140,비디아이,667억원,792만주,일반 목적용 기계 제조업,"기계,장비",기계
1266,148250,알엔투테크놀로지,583억원,632만주,전자부품 제조업,정보기기,IT하드웨어
1267,149950,아바텍,914억원,"1,560만주",전자부품 제조업,IT부품,디스플레이
1268,149980,하이로닉,748억원,"1,409만주",의료용 기기 제조업,"의료,정밀기기",건강관리
1269,150840,인트로메딕,"1,332억원","1,538만주",의료용 기기 제조업,"의료,정밀기기",건강관리
1270,151860,KG ETS,"1,144억원","3,600만주",폐기물 처리업,환경,유틸리티
1271,151910,나노스,"6,781억원","10,781만주",전자부품 제조업,IT부품,IT하드웨어
1272,153490,우리이앤엘,352억원,"4,990만주",반도체 제조업,반도체,디스플레이
1273,154030,아시아종묘,562억원,921만주,작물 재배업,농업,건강관리
1274,154040,솔루에타,484억원,"1,208만주",전자부품 제조업,IT부품,자동차
1275,155650,와이엠씨,"1,623억원","1,997만주",전자부품 제조업,IT부품,디스플레이
1276,155660,DSR,556억원,"1,600만주",1차 비철금속 제조업,철강금속,"비철,목재등"
1277,156100,엘앤케이바이오,902억원,"1,077만주",의료용 기기 제조업,"의료,정밀기기",건강관리
1278,159580,제로투세븐,"1,572억원","2,003만주",생활용품 도매업,도매,"화장품,의류,완구"
1279,159910,스킨앤스킨,646억원,"10,274만주",기타 화학제품 제조업,반도체,"화장품,의류,완구"
1280,160550,NEW,"1,333억원","2,790만주","영화, 비디오물, 방송프로그램 제작 및 배급업","오락,문화","미디어,교육"
1281,160980,싸이맥스,785억원,"1,057만주",특수 목적용 기계 제조업,반도체,반도체
1282,161580,필옵틱스,"1,478억원","1,727만주",특수 목적용 기계 제조업,IT부품,디스플레이
1283,163560,동일고무벨트,841억원,"1,300만주",고무제품 제조업,화학,자동차
1284,166090,하나머티리얼즈,"2,613억원","1,921만주",반도체 제조업,반도체,반도체
1285,166480,코아스템,"2,074억원","1,571만주",의약품 제조업,제약,건강관리
1286,168330,내츄럴엔도텍,"3,068억원","2,066만주",자연과학 및 공학 연구개발업,"연구,개발",건강관리
1287,170790,파이오링크,292억원,685만주,통신 및 방송 장비 제조업,통신장비,IT하드웨어
1288,170900,동아에스티,"8,528억원",844만주,의약품 제조업,의약품,건강관리
1289,170920,엘티씨,800억원,751만주,기초 화학물질 제조업,반도체,디스플레이
1290,171010,램테크놀러지,402억원,"1,142만주",기초 화학물질 제조업,반도체,반도체
1291,171090,선익시스템,782억원,899만주,특수 목적용 기계 제조업,반도체,디스플레이
1292,171120,라이온켐텍,"1,561억원","1,538만주",기타 화학제품 제조업,화학,"건설,건축관련"
1293,173130,오파스넷,369억원,402만주,"컴퓨터 프로그래밍, 시스템 통합 및 관리업",소프트웨어,소프트웨어
1294,173940,에프엔씨엔터,"1,037억원","1,436만주",창작 및 예술관련 서비스업,"오락,문화","미디어,교육"
1295,174880,장원테크,591억원,604만주,통신 및 방송 장비 제조업,통신장비,IT하드웨어
1296,174900,앱클론,"3,142억원",710만주,의료용품 및 기타 의약 관련제품 제조업,제약,건강관리
1297,175140,인포마크,362억원,362만주,통신 및 방송 장비 제조업,통신장비,IT하드웨어
1298,175250,아이큐어,"2,360억원",612만주,의약품 제조업,제약,"화장품,의류,완구"
1299,175330,JB금융지주,"11,267억원","19,698만주",기타 금융업,기타금융업,은행
1300,176440,에이치엔티,441억원,"1,340만주",전자부품 제조업,IT부품,IT하드웨어
1301,177350,베셀,463억원,"1,119만주",특수 목적용 기계 제조업,반도체,디스플레이
1302,177830,파버나인,554억원,"1,083만주",전자부품 제조업,일반전기전자,"비철,목재등"
1303,178320,서진시스템,"2,601억원",905만주,통신 및 방송 장비 제조업,통신장비,IT하드웨어
1304,178780,유테크,530억원,"1,710만주",전자부품 제조업,IT부품,IT하드웨어
1305,179900,유티아이,320억원,533만주,전자부품 제조업,IT부품,IT하드웨어
1306,180400,캔서롭,"1,347억원","1,892만주",기타 과학기술 서비스업,전문기술,건강관리
1307,181340,이즈미디어,412억원,704만주,"측정, 시험, 항해, 제어 및 기타 정밀기기 제조업; 광학기기 제외","의료,정밀기기",IT하드웨어
1308,182360,큐브엔터,914억원,"2,657만주",오디오물 출판 및 원판 녹음업,"오락,문화","미디어,교육"
1309,182690,테라셈,167억원,"1,396만주",반도체 제조업,반도체,반도체
1310,183190,아세아시멘트,"4,110억원",389만주,"시멘트, 석회, 플라스터 및 그 제품 제조업",비금속광물,"건설,건축관련"
1311,183300,코미코,"1,882억원",877만주,특수 목적용 기계 제조업,반도체,반도체
1312,183490,엔지켐생명과학,"8,076억원",767만주,기초 의약물질 및 생물학적 제제 제조업,제약,건강관리
1313,184230,SGA솔루션즈,472억원,"3,390만주",소프트웨어 개발 및 공급업,소프트웨어,소프트웨어
1314,185490,아이진,"2,127억원","1,099만주",자연과학 및 공학 연구개발업,"연구,개발",건강관리
1315,185750,종근당,"10,175억원",987만주,의약품 제조업,의약품,건강관리
1316,187220,디티앤씨,836억원,985만주,기타 과학기술 서비스업,전문기술,IT하드웨어
1317,187270,신화콘텍,300억원,"1,014만주","전동기, 발전기 및 전기 변환 · 공급 · 제어 장치 제조업",IT부품,IT가전
1318,187420,제노포커스,"1,572억원","2,099만주",기초 의약물질 및 생물학적 제제 제조업,제약,건강관리
1319,187790,나노,485억원,"2,385만주",기초 화학물질 제조업,화학,화학
1320,187870,디바이스이엔지,584억원,678만주,특수 목적용 기계 제조업,반도체,디스플레이
1321,189300,인텔리안테크,"1,013억원",724만주,통신 및 방송 장비 제조업,일반전기전자,IT하드웨어
1322,189690,포시에스,396억원,751만주,소프트웨어 개발 및 공급업,소프트웨어,소프트웨어
1323,189860,서전기전,457억원,969만주,"전동기, 발전기 및 전기 변환 · 공급 · 제어 장치 제조업",일반전기전자,기계
1324,190510,나무가,615억원,343만주,전자부품 제조업,IT부품,IT하드웨어
1325,191410,육일씨엔에쓰,318억원,936만주,전자부품 제조업,IT부품,IT하드웨어
1326,191420,테고사이언스,"3,439억원",807만주,기초 의약물질 및 생물학적 제제 제조업,제약,건강관리
1327,192080,더블유게임즈,"11,076억원","1,824만주",소프트웨어 개발 및 공급업,서비스업,소프트웨어
1328,192250,케이사인,708억원,"6,467만주",소프트웨어 개발 및 공급업,소프트웨어,소프트웨어
1329,192390,윈하이텍,404억원,986만주,"구조용 금속제품, 탱크 및 증기발생기 제조업",금속,"건설,건축관련"
1330,192400,쿠쿠홀딩스,"10,384억원",711만주,기타 금융업,기타금융업,"화장품,의류,완구"
1331,192440,슈피겐코리아,"2,673억원",621만주,그외 기타 제품 제조업,IT부품,IT하드웨어
1332,192820,코스맥스,"12,813억원","1,004만주",기타 화학제품 제조업,화학,"화장품,의류,완구"
1333,193250,와이제이엠게임즈,910억원,"4,563만주",전자부품 제조업,IT부품,IT하드웨어
1334,194370,제이에스코퍼레이션,"1,726억원","1,333만주","가죽, 가방 및 유사제품 제조업",미분류,"화장품,의류,완구"
1335,194480,데브시스터즈,"1,059억원","1,120만주",소프트웨어 개발 및 공급업,디지털컨텐츠,소프트웨어
1336,196170,알테오젠,"3,919억원","1,264만주",자연과학 및 공학 연구개발업,"연구,개발",건강관리
1337,196300,애니젠,714억원,501만주,기초 의약물질 및 생물학적 제제 제조업,제약,건강관리
1338,196490,디에이테크놀로지,529억원,"1,045만주",특수 목적용 기계 제조업,"기계,장비",IT가전
1339,196700,웹스,272억원,"1,369만주",합성고무 및 플라스틱 물질 제조업,화학,화학
1340,197140,디지캡,149억원,353만주,소프트웨어 개발 및 공급업,"출판,매체복제",소프트웨어
1341,198440,고려시멘트,759억원,"3,197만주","시멘트, 석회, 플라스터 및 그 제품 제조업",비금속,"건설,건축관련"
1342,200130,콜마비앤에이치,"6,056억원","2,954만주",기초 의약물질 및 생물학적 제제 제조업,제약,건강관리
1343,200230,텔콘RF제약,"7,768억원","7,831만주",통신 및 방송 장비 제조업,통신장비,IT하드웨어
1344,200710,에이디테크놀로지,"1,244억원",925만주,반도체 제조업,반도체,반도체
1345,200780,비씨월드제약,"1,857억원",800만주,의약품 제조업,제약,건강관리
1346,200880,서연이화,"1,075억원","2,702만주",자동차 신품 부품 제조업,운수장비,자동차
1347,201490,미투온,"1,941억원","3,125만주",소프트웨어 개발 및 공급업,디지털컨텐츠,소프트웨어
1348,203450,유니온커뮤니티,381억원,"1,467만주",통신 및 방송 장비 제조업,일반전기전자,IT하드웨어
1349,203650,드림시큐리티,"1,337억원","3,580만주",소프트웨어 개발 및 공급업,"출판,매체복제",소프트웨어
1350,203690,프로스테믹스,"2,835억원","4,537만주",기초 의약물질 및 생물학적 제제 제조업,제약,건강관리
1351,204320,만도,"13,194억원","4,695만주",자동차 신품 부품 제조업,운수장비,자동차
1352,204620,글로벌텍스프리,"1,231억원","1,945만주",금융 지원 서비스업,금융서비스,은행
1353,204840,지엘팜텍,"1,408억원","3,566만주",자연과학 및 공학 연구개발업,"연구,개발",건강관리
1354,205100,엑셈,975억원,"3,324만주",소프트웨어 개발 및 공급업,소프트웨어,소프트웨어
1355,205500,액션스퀘어,815억원,"2,648만주",소프트웨어 개발 및 공급업,디지털컨텐츠,소프트웨어
1356,206560,덱스터,"1,357억원","2,463만주","영화, 비디오물, 방송프로그램 제작 및 배급업","오락,문화","미디어,교육"
1357,206640,바디텍메드,"2,833억원","2,341만주",의료용품 및 기타 의약 관련제품 제조업,제약,건강관리
1358,206650,유바이오로직스,"1,352억원","2,528만주",의약품 제조업,제약,건강관리
1359,207760,미스터블루,622억원,"2,440만주",기타 정보 서비스업,디지털컨텐츠,"미디어,교육"
1360,207940,삼성바이오로직스,"221,321억원","6,616만주",기초 의약물질 및 생물학적 제제 제조업,의약품,건강관리
1361,208140,정다운,571억원,"2,052만주","도축, 육류 가공 및 저장 처리업","음식료,담배",필수소비재
1362,208350,지란지교시큐리티,505억원,"3,621만주",소프트웨어 개발 및 공급업,"출판,매체복제",소프트웨어
1363,208370,셀바스헬스케어,517억원,"1,314만주",의료용 기기 제조업,"의료,정밀기기",건강관리
1364,208640,썸에이지,"1,090억원","7,628만주",소프트웨어 개발 및 공급업,"출판,매체복제",소프트웨어
1365,208710,바이오로그디바이스,430억원,"2,756만주",전자부품 제조업,IT부품,IT하드웨어
1366,208860,엔지스테크널러지,636억원,938만주,소프트웨어 개발 및 공급업,소프트웨어,소프트웨어
1367,210540,디와이파워,"1,556억원","1,104만주",특수 목적용 기계 제조업,기계,기계
1368,210980,SK디앤디,"4,224억원","1,615만주",부동산 임대 및 공급업,서비스업,은행
1369,211270,AP위성,"1,063억원","1,501만주",통신 및 방송 장비 제조업,통신장비,IT하드웨어
1370,212560,네오오토,317억원,787만주,자동차 신품 부품 제조업,"운송장비,부품",자동차
1371,213420,덕산네오룩스,"3,277억원","2,401만주",전자부품 제조업,반도체,디스플레이
1372,214150,클래시스,"2,881억원","6,197만주",의료용 기기 제조업,"의료,정밀기기",건강관리
1373,214180,민앤지,"2,365억원","1,188만주",기타 정보 서비스업,소프트웨어,소프트웨어
1374,214320,이노션,"11,380억원","2,000만주",광고업,서비스업,"미디어,교육"
1375,214330,금호에이치티,778억원,994만주,자동차 신품 부품 제조업,운수장비,자동차
1376,214370,케어젠,"8,293억원","1,074만주",기초 의약물질 및 생물학적 제제 제조업,제약,건강관리
1377,214390,경보제약,"2,486억원","2,390만주",기초 의약물질 및 생물학적 제제 제조업,의약품,건강관리
1378,214420,토니모리,"2,090억원","1,764만주",기타 화학제품 제조업,화학,"화장품,의류,완구"
1379,214430,아이쓰리시스템,"1,336억원",710만주,전자부품 제조업,일반전기전자,"상사,자본재"
1380,214680,디알텍,623억원,"4,420만주",의료용 기기 제조업,"의료,정밀기기",건강관리
1381,215000,골프존,"2,127억원",627만주,소프트웨어 개발 및 공급업,소프트웨어,소프트웨어
1382,215100,로보로보,395억원,"1,779만주",기타 전기장비 제조업,디지털컨텐츠,"미디어,교육"
1383,215200,메가스터디교육,"3,381억원","1,176만주",일반 교습 학원,교육,"미디어,교육"
1384,215360,우리산업,"2,999억원",913만주,자동차 신품 부품 제조업,"운송장비,부품",자동차
1385,215380,우정바이오,582억원,"2,510만주",자연과학 및 공학 연구개발업,"연구,개발",건강관리
1386,215480,토박스코리아,395억원,"3,768만주","섬유, 의복, 신발 및 가죽제품 소매업",소매,"화장품,의류,완구"
1387,215600,신라젠,"50,756억원","6,981만주",자연과학 및 공학 연구개발업,"연구,개발",건강관리
1388,215790,이노인스트루먼트,839억원,"2,028만주",통신 및 방송 장비 제조업,통신장비,IT하드웨어
1389,216050,인크로스,"1,370억원",801만주,광고업,전문기술,"미디어,교육"
1390,217190,제너셈,185억원,876만주,특수 목적용 기계 제조업,반도체,반도체
1391,217270,넵튠,"2,298억원","2,137만주",소프트웨어 개발 및 공급업,"출판,매체복제",소프트웨어
1392,217480,에스디생명공학,"2,133억원","2,241만주",기타 화학제품 제조업,화학,"화장품,의류,완구"
1393,217500,러셀,594억원,"3,181만주",특수 목적용 기계 제조업,"기계,장비",반도체
1394,217600,켐온,"1,152억원","6,386만주",자연과학 및 공학 연구개발업,"연구,개발",건강관리
1395,217620,디딤,"1,089억원","3,700만주",음식점업,"숙박,음식","호텔,레저서비스"
1396,217730,강스템바이오텍,"4,202억원","2,080만주",기초 의약물질 및 생물학적 제제 제조업,제약,건강관리
1397,217820,엔에스,494억원,490만주,특수 목적용 기계 제조업,"기계,장비",IT가전
1398,218150,미래생명자원,637억원,"1,867만주",동물용 사료 및 조제식품 제조업,"음식료,담배",필수소비재
1399,218410,RFHIC,"5,835억원","2,244만주",통신 및 방송 장비 제조업,일반전기전자,IT하드웨어
1400,219130,타이거일렉,278억원,631만주,전자부품 제조업,반도체,반도체
1401,219420,링크제니시스,727억원,"1,000만주",소프트웨어 개발 및 공급업,소프트웨어,소프트웨어
1402,219750,지티지웰니스,436억원,625만주,의료용 기기 제조업,"의료,정밀기기",건강관리
1403,220100,퓨쳐켐,721억원,574만주,의약품 제조업,제약,건강관리
1404,220260,켐트로스,554억원,"2,404만주",기타 화학제품 제조업,화학,화학
1405,221840,하이즈항공,"1,067억원","1,769만주","항공기,우주선 및 부품 제조업","운송장비,부품","상사,자본재"
1406,221980,케이디켐,508억원,403만주,기타 화학제품 제조업,화학,화학
1407,222080,씨아이에스,"1,329억원","5,362만주",특수 목적용 기계 제조업,"기계,장비",IT가전
1408,222110,팬젠,"1,243억원",964만주,의약품 제조업,제약,건강관리
1409,222420,쎄노텍,842억원,"3,918만주",기타 비금속 광물제품 제조업,비금속,화학
1410,222800,심텍,"1,649억원","2,275만주",전자부품 제조업,반도체,IT하드웨어
1411,224060,코디엠,"1,244억원","14,156만주",특수 목적용 기계 제조업,반도체,반도체
1412,224110,에이텍티앤,417억원,534만주,통신 및 방송 장비 제조업,정보기기,IT하드웨어
1413,225190,삼양옵틱스,"1,390억원","1,003만주",사진장비 및 광학기기 제조업,"의료,정밀기기",IT하드웨어
1414,225330,씨엠에스에듀,"1,277억원","1,894만주",일반 교습 학원,교육,"미디어,교육"
1415,225430,케이엠제약,719억원,"1,988만주",기타 화학제품 제조업,화학,필수소비재
1416,225530,보광산업,"1,318억원","3,447만주",기타 비금속 광물제품 제조업,비금속,"건설,건축관련"
1417,225570,넷게임즈,"1,952억원","2,398만주",소프트웨어 개발 및 공급업,디지털컨텐츠,소프트웨어
1418,225590,패션플랫폼,404억원,"2,518만주",봉제의복 제조업,"섬유,의류","화장품,의류,완구"
1419,226320,잇츠한불,"5,548억원","2,192만주",기타 화학제품 제조업,화학,"화장품,의류,완구"
1420,226400,오스테오닉,401억원,845만주,의료용 기기 제조업,"의료,정밀기기",건강관리
1421,226950,올릭스,"4,214억원",650만주,자연과학 및 공학 연구개발업,"연구,개발",건강관리
1422,227610,아우딘퓨쳐스,"1,585억원","1,000만주",기타 화학제품 제조업,화학,"화장품,의류,완구"
1423,228340,동양파일,"1,128억원","2,000만주","시멘트, 석회, 플라스터 및 그 제품 제조업",비금속,"건설,건축관련"
1424,228850,레이언스,"2,364억원","1,659만주",의료용 기기 제조업,"의료,정밀기기",건강관리
1425,229640,LS전선아시아,"1,650억원","3,062만주",기타 금융업,기타금융업,기계
1426,230360,에코마케팅,"2,057억원","1,619만주",광고업,전문기술,"미디어,교육"
1427,232140,와이아이케이,"1,856억원","6,178만주",특수 목적용 기계 제조업,반도체,반도체
1428,234080,JW생명과학,"3,879억원","1,583만주",의약품 제조업,의약품,건강관리
1429,234100,세원,478억원,"2,238만주",자동차 신품 부품 제조업,"운송장비,부품",자동차
1430,234300,에스트래픽,"1,192억원","1,192만주","컴퓨터 프로그래밍, 시스템 통합 및 관리업",소프트웨어,소프트웨어
1431,234920,자이글,875억원,"1,353만주",가정용 기기 제조업,일반전기전자,"화장품,의류,완구"
1432,236200,슈프리마,"1,525억원",708만주,통신 및 방송 장비 제조업,일반전기전자,IT하드웨어
1433,237690,에스티팜,"4,067억원","1,865만주",의약품 제조업,제약,건강관리
1434,237750,피앤씨테크,569억원,649만주,"전동기, 발전기 및 전기 변환 · 공급 · 제어 장치 제조업",일반전기전자,기계
1435,237880,클리오,"1,975억원","1,695만주",기타 화학제품 제조업,화학,"화장품,의류,완구"
1436,238090,앤디포스,"2,991억원","1,506만주",플라스틱제품 제조업,비금속,IT하드웨어
1437,239610,에이치엘사이언스,"1,997억원",514만주,기타 식품 제조업,"음식료,담배",건강관리
1438,240810,원익IPS,"8,068억원","4,127만주",특수 목적용 기계 제조업,반도체,반도체
1439,241520,DSC인베스트먼트,843억원,"1,750만주",신탁업 및 집합투자업,금융,은행
1440,241560,두산밥캣,"37,092억원","10,024만주",일반 목적용 기계 제조업,기계,기계
1441,241690,유니테크노,"1,818억원","1,192만주",자동차 신품 부품 제조업,"운송장비,부품",자동차
1442,241710,코스메카코리아,"3,625억원","1,068만주",기타 화학제품 제조업,화학,"화장품,의류,완구"
1443,241770,메카로,"1,601억원",998만주,기타 화학제품 제조업,반도체,반도체
1444,241790,오션브릿지,733억원,912만주,특수 목적용 기계 제조업,반도체,반도체
1445,241820,피씨엘,833억원,894만주,의료용품 및 기타 의약 관련제품 제조업,제약,건강관리
1446,243840,신흥에스이씨,"2,633억원",655만주,일차전지 및 축전지 제조업,IT부품,IT가전
1447,245620,EDGC,"2,163억원","3,617만주",자연과학 및 공학 연구개발업,"연구,개발",건강관리
1448,246720,아스타,"1,024억원","1,148만주",의료용품 및 기타 의약 관련제품 제조업,제약,건강관리
1449,248170,샘표식품,"1,327억원",456만주,기타 식품 제조업,음식료품,필수소비재
1450,249420,일동제약,"4,544억원","2,159만주",의약품 제조업,의약품,건강관리
1451,250000,보라티알,466억원,675만주,음·식료품 및 담배 도매업,도매,필수소비재
1452,250060,모비스,"1,513억원","3,217만주","컴퓨터 프로그래밍, 시스템 통합 및 관리업",소프트웨어,IT하드웨어
1453,251270,넷마블,"104,447억원","8,526만주",소프트웨어 개발 및 공급업,서비스업,소프트웨어
1454,251370,와이엠티,"1,203억원",740만주,기초 화학물질 제조업,화학,IT하드웨어
1455,251630,브이원텍,"1,803억원",751만주,특수 목적용 기계 제조업,"기계,장비",디스플레이
1456,252500,세화피앤씨,916억원,"2,074만주",기타 화학제품 제조업,화학,"화장품,의류,완구"
1457,253450,스튜디오드래곤,"29,719억원","2,803만주","영화, 비디오물, 방송프로그램 제작 및 배급업","오락,문화","미디어,교육"
1458,255220,SG,"1,114억원","1,250만주",기타 비금속 광물제품 제조업,비금속,"건설,건축관련"
1459,255440,야스,"2,219억원","1,305만주",특수 목적용 기계 제조업,IT부품,디스플레이
1460,256940,케이피에스,357억원,427만주,특수 목적용 기계 제조업,반도체,디스플레이
1461,257370,명성티엔에스,"1,229억원",637만주,특수 목적용 기계 제조업,IT부품,IT가전
1462,258610,이더블유케이,306억원,738만주,"구조용 금속제품, 탱크 및 증기발생기 제조업",금속,기계
1463,258830,세종메디칼,874억원,677만주,의료용 기기 제조업,"의료,정밀기기",건강관리
1464,259630,엠플러스,838억원,511만주,특수 목적용 기계 제조업,"기계,장비",IT가전
1465,260660,알리코제약,"1,271억원",959만주,의료용품 및 기타 의약 관련제품 제조업,제약,건강관리
1466,263540,샘코,361억원,793만주,"항공기,우주선 및 부품 제조업","운송장비,부품","상사,자본재"
1467,263600,덕우전자,772억원,811만주,전자부품 제조업,일반전기전자,IT하드웨어
1468,263700,케어랩스,"1,320억원",616만주,소프트웨어 개발 및 공급업,소프트웨어,건강관리
1469,263720,디앤씨미디어,"1,836억원","1,204만주","서적, 잡지 및 기타 인쇄물 출판업",디지털컨텐츠,"미디어,교육"
1470,263750,펄어비스,"24,397억원","1,294만주",소프트웨어 개발 및 공급업,디지털컨텐츠,소프트웨어
1471,263770,유에스티,"1,414억원","2,370만주",1차 철강 제조업,금속,철강
1472,263800,데이타솔루션,444억원,"1,571만주",기계장비 및 관련 물품 도매업,정보기기,소프트웨어
1473,263810,상신전자,301억원,405만주,전자부품 제조업,일반전기전자,IT하드웨어
1474,263860,지니언스,439억원,944만주,소프트웨어 개발 및 공급업,소프트웨어,소프트웨어
1475,264450,유비쿼스,"1,739억원",512만주,통신 및 방송 장비 제조업,통신장비,IT하드웨어
1476,264660,씨앤지하이테크,434억원,420만주,특수 목적용 기계 제조업,반도체,반도체
1477,264900,크라운제과,"1,296억원","1,252만주",기타 식품 제조업,음식료품,필수소비재
1478,265520,AP시스템,"3,595억원","1,409만주",특수 목적용 기계 제조업,반도체,디스플레이
1479,265560,영화테크,443억원,534만주,자동차 신품 부품 제조업,"운송장비,부품",자동차
1480,267290,경동도시가스,"1,641억원",471만주,연료용 가스 제조 및 배관공급업,전기가스업,유틸리티
1481,267790,배럴,865억원,776만주,봉제의복 제조업,"섬유,의류","화장품,의류,완구"
1482,267980,매일유업,"5,647억원",784만주,낙농제품 및 식용빙과류 제조업,"음식료,담배",필수소비재
1483,268280,미원에스씨,"3,372억원",520만주,기초 화학물질 제조업,화학,화학
1484,269620,시스웍,394억원,"1,800만주","측정, 시험, 항해, 제어 및 기타 정밀기기 제조업; 광학기기 제외","의료,정밀기기",반도체
1485,271560,오리온,"40,522억원","3,953만주",기타 식품 제조업,음식료품,필수소비재
1486,271980,제일약품,"7,528억원","1,470만주",의약품 제조업,의약품,건강관리
1487,272290,이녹스첨단소재,"3,565억원",896만주,전자부품 제조업,IT부품,IT하드웨어
1488,272450,진에어,"6,345억원","3,000만주",항공 여객 운송업,운수창고업,운송
1489,272550,삼양패키징,"2,202억원","1,420만주",플라스틱제품 제조업,화학,"비철,목재등"
1490,275630,에스에스알,588억원,566만주,소프트웨어 개발 및 공급업,소프트웨어,소프트웨어
1491,277070,린드먼아시아,723억원,"1,350만주",신탁업 및 집합투자업,금융,은행
1492,277410,인산가,440억원,"2,354만주",기타 식품 제조업,"음식료,담배",필수소비재
1493,280360,롯데제과,"6,355억원",420만주,기타 식품 제조업,음식료품,필수소비재
1494,281820,케이씨텍,"2,212억원","1,983만주","측정, 시험, 항해, 제어 및 기타 정밀기기 제조업; 광학기기 제외",의료정밀,반도체
1495,282330,BGF리테일,"31,024억원","1,728만주",종합 소매업,유통업,소매(유통)
1496,282690,동아타이어,"1,826억원","1,373만주",고무제품 제조업,화학,자동차
1497,284740,쿠쿠홈시스,"7,740억원",448만주,개인 및 가정용품 임대업,서비스업,"화장품,의류,완구"
1498,285130,SK케미칼,"8,140억원","1,157만주",합성고무 및 플라스틱 물질 제조업,화학,화학
1499,286940,롯데정보통신,"4,842억원","1,428만주","컴퓨터 프로그래밍, 시스템 통합 및 관리업",서비스업,소프트웨어
1500,290380,대유,"1,937억원",905만주,"비료, 농약 및 살균, 살충제 제조업",화학,화학
1501,290720,푸드나무,"1,582억원",680만주,무점포 소매업,소매,필수소비재
1502,290740,액트로,647억원,500만주,전자부품 제조업,IT부품,IT하드웨어
1503,293480,하나제약,"3,734억원","1,620만주",의약품 제조업,의약품,건강관리
1504,294870,HDC현대산업개발,"18,585억원","4,393만주",건물 건설업,건설업,"건설,건축관련"
1505,306200,세아제강,"1,667억원",283만주,1차 철강 제조업,철강금속,철강
1506,353200,대덕전자,"4,133억원","4,879만주",전자부품 제조업,전기전자,IT하드웨어
1507,353810,이지바이오,"3,400억원","5,792만주",동물용 사료 및 조제식품 제조업,"음식료,담배",필수소비재
1508,357780,솔브레인,"8,603억원","1,739만주",기타 화학제품 제조업,화학,반도체
1509,383220,F&F,"8,177억원","1,540만주",봉제의복 제조업,섬유의복,"화장품,의류,완구"
1510,900070,글로벌에스엠,453억원,"5,374만주",기타 금융업,미분류,자동차
1511,900110,이스트아시아홀딩스,323억원,"10,900만주",기타 금융업,미분류,"화장품,의류,완구"
1512,900120,씨케이에이치,469억원,"11,040만주",기타 금융업,미분류,건강관리
1513,900250,크리스탈신소재,989억원,"6,778만주",기타 금융업,미분류,화학
1514,900260,로스웰,"1,053억원","9,078만주",기타 금융업,미분류,자동차
1515,900280,골든센츄리,867억원,"9,340만주",기타 금융업,미분류,자동차
1516,900290,GRT,"1,394억원","6,737만주",기타 금융업,미분류,디스플레이
1517,900300,오가닉티코스메틱,"1,741억원","5,692만주",기타 금융업,미분류,"화장품,의류,완구"
1518,900310,컬러레이,"1,082억원","5,400만주",회사 본부 및 경영 컨설팅 서비스업,미분류,"화장품,의류,완구"
1519,950110,SBI핀테크솔루션즈,"2,810억원","2,465만주",소프트웨어 개발 및 공급업,미분류,소프트웨어
1520,950130,엑세스바이오,"1,128억원","2,706만주",의료용품 및 기타 의약 관련제품 제조업,미분류,건강관리
1521,950140,잉글우드랩,"1,547억원","1,986만주",기타 화학제품 제조업,미분류,"화장품,의류,완구"
1522,950160,코오롱티슈진,"27,284억원","6,097만주",기초 의약물질 및 생물학적 제제 제조업,미분류,소매(유통)
1523,950170,JTC,"2,572억원","3,500만주",종합 소매업,미분류,소매(유통)
