,단축코드,한글 종목약명,시장구분,Degree,community_code,community_label,KOSPI_sector,market_cap,market_cap_row
0,098120,마이크로컨텍솔,KOSDAQ,62,12,반도체,반도체,"1,072억원",1072
1,009520,포스코엠텍,KOSDAQ,129,10,철강금속,금속,"2,994억원",2994
2,095570,AJ네트웍스,KOSPI,54,4,"은행, 증권 및 기타금융",서비스업,"2,468억원",2468
3,006840,AK홀딩스,KOSPI,51,17,섬유의복 및 유통,기타금융업,"2,676억원",2676
4,282330,BGF리테일,KOSPI,50,2,"음식료품, 담배 및 기타화학",유통업,"26,272억원",26272
5,027410,BGF,KOSPI,55,2,"음식료품, 담배 및 기타화학",기타금융업,"4,987억원",4987
6,138930,BNK금융지주,KOSPI,72,4,"은행, 증권 및 기타금융",기타금융업,"28,193억원",28193
7,001460,BYC,KOSPI,133,17,섬유의복 및 유통,섬유의복,"2,705억원",2705
8,001040,CJ,KOSPI,69,8,"광고, 디지털컨텐츠, 엔터테인먼트",기타금융업,"24,946억원",24946
9,011150,CJ씨푸드,KOSPI,132,2,"음식료품, 담배 및 기타화학",음식료품,"1,355억원",1355
10,058820,CMG제약,KOSDAQ,131,11,"의료, 제약 및 생물공학",제약,"5,208억원",5208
11,000590,CS홀딩스,KOSPI,51,10,철강금속,기타금융업,732억원,732
12,012030,DB,KOSPI,110,16,IT서비스,서비스업,"1,893억원",1893
13,016610,DB금융투자,KOSPI,60,4,"은행, 증권 및 기타금융",증권,"2,933억원",2933
14,005830,DB손해보험,KOSPI,54,4,"은행, 증권 및 기타금융",보험업,"40,144억원",40144
15,000990,DB하이텍,KOSPI,61,1,전기전자,전기전자,"31,212억원",31212
16,139130,DGB금융지주,KOSPI,54,4,"은행, 증권 및 기타금융",기타금융업,"16,170억원",16170
17,155660,DSR,KOSPI,60,10,철강금속,철강금속,883억원,883
18,069730,DSR제강,KOSPI,124,10,철강금속,철강금속,660억원,660
19,017940,E1,KOSPI,50,13,기계장비,유통업,"3,313억원",3313
20,383220,F&F,KOSPI,71,17,섬유의복 및 유통,섬유의복,"66,271억원",66271
21,006360,GS건설,KOSPI,59,15,건설,건설업,"35,174억원",35174
22,078930,GS,KOSPI,53,2,"음식료품, 담배 및 기타화학",기타금융업,"37,491억원",37491
23,012630,HDC,KOSPI,113,15,건설,기타금융업,"6,213억원",6213
24,294870,HDC현대산업개발,KOSPI,98,0,"건설, 장비, 기기",건설업,"15,422억원",15422
25,003560,IHQ,KOSPI,89,8,"광고, 디지털컨텐츠, 엔터테인먼트",서비스업,"2,179억원",2179
26,175330,JB금융지주,KOSPI,58,4,"은행, 증권 및 기타금융",기타금융업,"16,487억원",16487
27,234080,JW생명과학,KOSPI,62,11,"의료, 제약 및 생물공학",의약품,"2,359억원",2359
28,001060,JW중외제약,KOSPI,99,11,"의료, 제약 및 생물공학",의약품,"5,008억원",5008
29,096760,JW홀딩스,KOSPI,60,11,"의료, 제약 및 생물공학",기타금융업,"2,348억원",2348
30,105560,KB금융,KOSPI,57,4,"은행, 증권 및 기타금융",기타금융업,"238,674억원",238674
31,024120,KB오토시스,KOSDAQ,55,7,운수장비,"운송장비,부품",748억원,748
32,009070,KCTC,KOSPI,123,5,"항공,운수 및 통신장비",운수창고업,"1,794억원",1794
33,001390,KG케미칼,KOSPI,50,1,전기전자,화학,"4,326억원",4326
34,001940,KISCO홀딩스,KOSPI,124,10,철강금속,철강금속,"2,864억원",2864
35,025000,KPX케미칼,KOSPI,82,6,"화학, 섬유",화학,"2,638억원",2638
36,092230,KPX홀딩스,KOSPI,75,6,"화학, 섬유",화학,"2,700억원",2700
37,093050,LF,KOSPI,79,17,섬유의복 및 유통,섬유의복,"5,088억원",5088
38,034220,LG디스플레이,KOSPI,59,1,전기전자,전기전자,"79,435억원",79435
39,003550,LG,KOSPI,62,9,"가전, 전자장비, 기타 부품 및 제품",기타금융업,"126,627억원",126627
40,051900,LG생활건강,KOSPI,61,17,섬유의복 및 유통,화학,"180,078억원",180078
41,032640,LG유플러스,KOSPI,51,9,"가전, 전자장비, 기타 부품 및 제품",통신업,"61,126억원",61126
42,011070,LG이노텍,KOSPI,56,14,전자부품,전기전자,"71,593억원",71593
43,066570,LG전자,KOSPI,51,14,전자부품,전기전자,"210,287억원",210287
44,051910,LG화학,KOSPI,50,2,"음식료품, 담배 및 기타화학",화학,"494,852억원",494852
45,079550,LIG넥스원,KOSPI,68,5,"항공,운수 및 통신장비",기계,"13,838억원",13838
46,000680,LS네트웍스,KOSPI,52,17,섬유의복 및 유통,유통업,"2,325억원",2325
47,006260,LS,KOSPI,57,0,"건설, 장비, 기기",기타금융업,"17,195억원",17195
48,023150,MH에탄올,KOSPI,51,1,전기전자,음식료품,742억원,742
49,035420,NAVER,KOSPI,155,8,"광고, 디지털컨텐츠, 엔터테인먼트",서비스업,"643,913억원",643913
50,034310,NICE,KOSPI,53,4,"은행, 증권 및 기타금융",서비스업,"6,194억원",6194
51,008260,NI스틸,KOSPI,54,15,건설,철강금속,945억원,945
52,004250,NPC,KOSPI,136,6,"화학, 섬유",화학,"2,636억원",2636
53,010060,OCI,KOSPI,82,6,"화학, 섬유",화학,"26,234억원",26234
54,010950,S-Oil,KOSPI,88,13,기계장비,화학,"99,411억원",99411
55,950110,SBI핀테크솔루션즈,KOSDAQ,62,16,IT서비스,미분류,"1,575억원",1575
56,101060,SBS미디어홀딩스,KOSPI,54,8,"광고, 디지털컨텐츠, 엔터테인먼트",서비스업,"2,735억원",2735
57,002360,SH에너지화학,KOSPI,60,6,"화학, 섬유",화학,"1,035억원",1035
58,009160,SIMPAC,KOSPI,51,0,"건설, 장비, 기기",기계,"4,469억원",4469
59,123700,SJM,KOSPI,60,7,운수장비,운수장비,729억원,729
60,025530,SJM홀딩스,KOSPI,111,7,운수장비,유통업,537억원,537
61,011790,SKC,KOSPI,50,9,"가전, 전자장비, 기타 부품 및 제품",화학,"68,542억원",68542
62,018670,SK가스,KOSPI,67,13,기계장비,유통업,"11,446억원",11446
63,001740,SK네트웍스,KOSPI,51,9,"가전, 전자장비, 기타 부품 및 제품",유통업,"12,509억원",12509
64,210980,SK디앤디,KOSPI,53,15,건설,서비스업,"6,912억원",6912
65,034730,SK,KOSPI,70,9,"가전, 전자장비, 기타 부품 및 제품",기타금융업,"184,344억원",184344
66,096770,SK이노베이션,KOSPI,53,9,"가전, 전자장비, 기타 부품 및 제품",화학,"195,565억원",195565
67,001510,SK증권,KOSPI,55,4,"은행, 증권 및 기타금융",증권,"4,797억원",4797
68,285130,SK케미칼,KOSPI,58,6,"화학, 섬유",화학,"26,255억원",26255
69,017670,SK텔레콤,KOSPI,51,9,"가전, 전자장비, 기타 부품 및 제품",통신업,"122,984억원",122984
70,005610,SPC삼립,KOSPI,89,2,"음식료품, 담배 및 기타화학",음식료품,"6,178억원",6178
71,011810,STX,KOSPI,57,13,기계장비,유통업,"1,153억원",1153
72,077970,STX엔진,KOSPI,93,13,기계장비,기계,"2,161억원",2161
73,071970,STX중공업,KOSPI,88,13,기계장비,기계,"1,274억원",1274
74,084870,TBH글로벌,KOSPI,127,17,섬유의복 및 유통,섬유의복,476억원,476
75,024070,WISCOM,KOSPI,61,6,"화학, 섬유",화학,523억원,523
76,079940,가비아,KOSDAQ,128,16,IT서비스,인터넷,"1,834억원",1834
77,078890,가온미디어,KOSDAQ,55,8,"광고, 디지털컨텐츠, 엔터테인먼트",통신장비,"2,655억원",2655
78,000500,가온전선,KOSPI,72,1,전기전자,전기전자,"1,009억원",1009
79,000860,강남제비스코,KOSPI,67,6,"화학, 섬유",화학,"1,524억원",1524
80,217730,강스템바이오텍,KOSDAQ,80,11,"의료, 제약 및 생물공학",제약,"1,330억원",1330
81,035250,강원랜드,KOSPI,57,8,"광고, 디지털컨텐츠, 엔터테인먼트",서비스업,"51,560억원",51560
82,011420,갤럭시아에스엠,KOSPI,99,8,"광고, 디지털컨텐츠, 엔터테인먼트",서비스업,872억원,872
83,063080,게임빌,KOSDAQ,66,8,"광고, 디지털컨텐츠, 엔터테인먼트",디지털컨텐츠,"8,910억원",8910
84,039240,경남스틸,KOSDAQ,104,10,철강금속,금속,986억원,986
85,053950,경남제약,KOSDAQ,61,11,"의료, 제약 및 생물공학",제약,"1,243억원",1243
86,002100,경농,KOSPI,52,2,"음식료품, 담배 및 기타화학",화학,"2,255억원",2255
87,009450,경동나비엔,KOSPI,62,13,기계장비,전기전자,"7,911억원",7911
88,267290,경동도시가스,KOSPI,55,13,기계장비,전기가스업,"1,335억원",1335
89,012320,경동인베스트,KOSPI,58,13,기계장비,기타금융업,823억원,823
90,011040,경동제약,KOSDAQ,106,11,"의료, 제약 및 생물공학",제약,"3,815억원",3815
91,000050,경방,KOSPI,149,17,섬유의복 및 유통,유통업,"3,701억원",3701
92,214390,경보제약,KOSPI,84,11,"의료, 제약 및 생물공학",의약품,"2,199억원",2199
93,012610,경인양행,KOSPI,62,0,"건설, 장비, 기기",화학,"2,599억원",2599
94,009140,경인전자,KOSPI,140,14,전자부품,전기전자,470억원,470
95,024910,경창산업,KOSDAQ,59,7,운수장비,"운송장비,부품","1,134억원",1134
96,013580,계룡건설,KOSPI,69,15,건설,건설업,"3,108억원",3108
97,012200,계양전기,KOSPI,69,7,운수장비,기계,"1,317억원",1317
98,002140,고려산업,KOSPI,52,2,"음식료품, 담배 및 기타화학",음식료품,729억원,729
99,198440,고려시멘트,KOSDAQ,51,15,건설,비금속,"1,289억원",1289
100,049720,고려신용정보,KOSDAQ,94,4,"은행, 증권 및 기타금융",사업지원,"1,210억원",1210
101,010130,고려아연,KOSPI,53,10,철강금속,철강금속,"96,803억원",96803
102,002240,고려제강,KOSPI,79,10,철강금속,철강금속,"4,772억원",4772
103,014570,고려제약,KOSDAQ,111,0,"건설, 장비, 기기",제약,965억원,965
104,098460,고영,KOSDAQ,95,12,반도체,"기계,장비","14,383억원",14383
105,038530,골드퍼시픽,KOSDAQ,58,8,"광고, 디지털컨텐츠, 엔터테인먼트",도매,"1,112억원",1112
106,215000,골프존,KOSDAQ,50,16,IT서비스,소프트웨어,"10,976억원",10976
107,121440,골프존뉴딘홀딩스,KOSDAQ,50,17,섬유의복 및 유통,도매,"3,945억원",3945
108,009290,광동제약,KOSPI,129,11,"의료, 제약 및 생물공학",의약품,"3,827억원",3827
109,014200,광림,KOSDAQ,55,14,전자부품,"운송장비,부품","1,562억원",1562
110,017040,광명전기,KOSPI,58,13,기계장비,전기전자,"1,083억원",1083
111,017900,광전자,KOSPI,64,14,전자부품,전기전자,"1,767억원",1767
112,037710,광주신세계,KOSPI,52,17,섬유의복 및 유통,유통업,"2,864억원",2864
113,026910,광진실업,KOSDAQ,161,1,전기전자,금속,276억원,276
114,090150,광진윈텍,KOSDAQ,61,7,운수장비,"운송장비,부품","1,909억원",1909
115,030610,교보증권,KOSPI,57,4,"은행, 증권 및 기타금융",증권,"5,696억원",5696
116,053270,구영테크,KOSDAQ,97,7,운수장비,"운송장비,부품",816억원,816
117,007690,국도화학,KOSPI,61,6,"화학, 섬유",화학,"5,199억원",5199
118,005320,국동,KOSPI,74,1,전기전자,유통업,"1,676억원",1676
119,066620,국보디자인,KOSDAQ,59,15,건설,전문건설,"1,538억원",1538
120,001140,국보,KOSPI,55,5,"항공,운수 및 통신장비",운수창고업,"1,100억원",1100
121,043650,국순당,KOSDAQ,51,2,"음식료품, 담배 및 기타화학","음식료,담배","1,600억원",1600
122,006050,국영지앤엠,KOSDAQ,75,15,건설,비금속,649억원,649
123,060480,국일신동,KOSDAQ,136,10,철강금속,금속,419억원,419
124,078130,국일제지,KOSDAQ,60,6,"화학, 섬유","종이,목재","5,162억원",5162
125,002720,국제약품,KOSPI,139,11,"의료, 제약 및 생물공학",의약품,"1,151억원",1151
126,114090,GKL,KOSPI,57,8,"광고, 디지털컨텐츠, 엔터테인먼트",서비스업,"7,948억원",7948
127,900290,GRT,KOSDAQ,52,6,"화학, 섬유",미분류,829억원,829
128,083420,그린케미칼,KOSPI,75,6,"화학, 섬유",화학,"2,266억원",2266
129,014530,극동유화,KOSPI,62,6,"화학, 섬유",화학,"1,332억원",1332
130,083450,GST,KOSDAQ,59,12,반도체,반도체,"3,312억원",3312
131,900070,글로벌에스엠,KOSDAQ,53,7,운수장비,미분류,537억원,537
132,204620,글로벌텍스프리,KOSDAQ,79,16,IT서비스,금융서비스,"1,408억원",1408
133,019660,글로본,KOSDAQ,70,17,섬유의복 및 유통,도매,"1,152억원",1152
134,014280,금강공업,KOSPI,55,10,철강금속,철강금속,"2,352억원",2352
135,053260,금강철강,KOSDAQ,67,10,철강금속,금속,"1,028억원",1028
136,008870,금비,KOSPI,58,2,"음식료품, 담배 및 기타화학",비금속광물,623억원,623
137,001570,금양,KOSPI,70,1,전기전자,화학,"2,389억원",2389
138,011780,금호석유,KOSPI,59,6,"화학, 섬유",화학,"57,279억원",57279
139,214330,금호에이치티,KOSPI,57,7,운수장비,운수장비,"4,173억원",4173
140,001210,금호전기,KOSPI,61,14,전자부품,전기전자,612억원,612
141,073240,금호타이어,KOSPI,56,1,전기전자,화학,"12,668억원",12668
142,036190,금화피에스시,KOSDAQ,60,13,기계장비,전문건설,"2,007억원",2007
143,049080,기가레인,KOSDAQ,51,12,반도체,반도체,"1,827억원",1827
144,035460,기산텔레콤,KOSDAQ,60,5,"항공,운수 및 통신장비",통신장비,368억원,368
145,092440,기신정기,KOSPI,174,10,철강금속,기계,"1,248억원",1248
146,013700,까뮤이앤씨,KOSPI,67,15,건설,건설업,919억원,919
147,004540,깨끗한나라,KOSPI,115,6,"화학, 섬유",종이목재,"1,585억원",1585
148,187790,나노,KOSDAQ,53,13,기계장비,화학,463억원,463
149,151910,나노스,KOSDAQ,54,14,전자부품,IT부품,"8,442억원",8442
150,121600,나노신소재,KOSDAQ,76,12,반도체,화학,"7,529억원",7529
151,039860,나노엔텍,KOSDAQ,58,11,"의료, 제약 및 생물공학","의료,정밀기기","2,058억원",2058
152,091970,나노캠텍,KOSDAQ,59,14,전자부품,화학,452억원,452
153,051490,나라엠앤디,KOSDAQ,77,7,운수장비,"기계,장비","1,367억원",1367
154,190510,나무가,KOSDAQ,59,14,전자부품,IT부품,"1,553억원",1553
155,089600,나스미디어,KOSDAQ,50,8,"광고, 디지털컨텐츠, 엔터테인먼트",전문기술,"3,357억원",3357
156,138610,나이벡,KOSDAQ,54,11,"의료, 제약 및 생물공학",제약,"3,179억원",3179
157,130580,나이스디앤비,KOSDAQ,69,16,IT서비스,사업지원,"1,466억원",1466
158,036800,나이스정보통신,KOSDAQ,50,16,IT서비스,통신서비스,"2,865억원",2865
159,030190,NICE평가정보,KOSDAQ,66,16,IT서비스,기타서비스,"10,807억원",10807
160,001260,남광토건,KOSPI,61,15,건설,건설업,"1,179억원",1179
161,008350,남선알미늄,KOSPI,112,15,건설,철강금속,"2,743억원",2743
162,004270,남성,KOSPI,50,0,"건설, 장비, 기기",유통업,"1,123억원",1123
163,003920,남양유업,KOSPI,65,2,"음식료품, 담배 및 기타화학",음식료품,"3,031억원",3031
164,025860,남해화학,KOSPI,51,0,"건설, 장비, 기기",화학,"5,092억원",5092
165,091590,남화토건,KOSDAQ,115,15,건설,종합건설,"1,010억원",1010
166,168330,내츄럴엔도텍,KOSDAQ,54,11,"의료, 제약 및 생물공학","연구,개발","1,535억원",1535
167,212560,네오오토,KOSDAQ,75,7,운수장비,"운송장비,부품",575억원,575
168,095660,네오위즈,KOSDAQ,56,8,"광고, 디지털컨텐츠, 엔터테인먼트",디지털컨텐츠,"6,753억원",6753
169,042420,네오위즈홀딩스,KOSDAQ,52,8,"광고, 디지털컨텐츠, 엔터테인먼트",디지털컨텐츠,"5,323억원",5323
170,085910,네오티스,KOSDAQ,54,7,운수장비,"운송장비,부품",703억원,703
171,092730,네오팜,KOSDAQ,82,17,섬유의복 및 유통,화학,"1,998억원",1998
172,153460,네이블,KOSDAQ,58,16,IT서비스,소프트웨어,535억원,535
173,007390,네이처셀,KOSDAQ,60,11,"의료, 제약 및 생물공학",제약,"10,866억원",10866
174,033640,네패스,KOSDAQ,98,12,반도체,반도체,"8,359억원",8359
175,005720,넥센,KOSPI,53,7,운수장비,화학,"2,490억원",2490
176,002350,넥센타이어,KOSPI,50,5,"항공,운수 및 통신장비",화학,"6,700억원",6700
177,065170,넥스트BT,KOSDAQ,68,2,"음식료품, 담배 및 기타화학",도매,"1,157억원",1157
178,003580,넥스트사이언스,KOSPI,56,17,섬유의복 및 유통,미분류,"7,950억원",7950
179,137940,넥스트아이,KOSDAQ,62,12,반도체,"의료,정밀기기","1,044억원",1044
180,160550,NEW,KOSDAQ,98,0,"건설, 장비, 기기","오락,문화","3,558억원",3558
181,041140,넥슨지티,KOSDAQ,65,8,"광고, 디지털컨텐츠, 엔터테인먼트",디지털컨텐츠,"7,269억원",7269
182,217270,넵튠,KOSDAQ,52,8,"광고, 디지털컨텐츠, 엔터테인먼트","출판,매체복제","7,081억원",7081
183,225570,넷게임즈,KOSDAQ,51,8,"광고, 디지털컨텐츠, 엔터테인먼트",디지털컨텐츠,"5,020억원",5020
184,251270,넷마블,KOSPI,61,8,"광고, 디지털컨텐츠, 엔터테인먼트",서비스업,"102,714억원",102714
185,090350,노루페인트,KOSPI,51,6,"화학, 섬유",화학,"2,600억원",2600
186,000320,노루홀딩스,KOSPI,52,6,"화학, 섬유",기타금융업,"1,675억원",1675
187,006280,녹십자,KOSPI,90,11,"의료, 제약 및 생물공학",의약품,"26,879억원",26879
188,142280,녹십자엠에스,KOSDAQ,55,11,"의료, 제약 및 생물공학",제약,"1,613억원",1613
189,005250,녹십자홀딩스,KOSPI,74,11,"의료, 제약 및 생물공학",서비스업,"12,651억원",12651
190,065560,녹원씨엔아이,KOSDAQ,50,12,반도체,"출판,매체복제",996억원,996
191,004370,농심,KOSPI,114,2,"음식료품, 담배 및 기타화학",음식료품,"19,039억원",19039
192,072710,농심홀딩스,KOSPI,55,0,"건설, 장비, 기기",기타금융업,"3,557억원",3557
193,154030,아시아종묘,KOSDAQ,50,2,"음식료품, 담배 및 기타화학",농업,594억원,594
194,054050,농우바이오,KOSDAQ,51,2,"음식료품, 담배 및 기타화학",농업,"1,723억원",1723
195,069140,누리플랜,KOSDAQ,77,15,건설,금속,482억원,482
196,126870,뉴로스,KOSDAQ,53,13,기계장비,"기계,장비",795억원,795
197,060260,뉴보텍,KOSDAQ,52,17,섬유의복 및 유통,화학,401억원,401
198,012340,뉴인텍,KOSDAQ,52,14,전자부품,IT부품,"1,058억원",1058
199,144960,뉴파워프라즈마,KOSDAQ,68,12,반도체,"기계,장비","2,740억원",2740
200,085670,뉴프렉스,KOSDAQ,168,14,전자부품,IT부품,"1,574억원",1574
201,119860,다나와,KOSDAQ,61,16,IT서비스,인터넷,"3,478억원",3478
202,064260,다날,KOSDAQ,62,8,"광고, 디지털컨텐츠, 엔터테인먼트",디지털컨텐츠,"11,859억원",11859
203,093640,다믈멀티미디어,KOSDAQ,63,14,전자부품,반도체,722억원,722
204,039560,다산네트웍스,KOSDAQ,80,16,IT서비스,통신장비,"2,692억원",2692
205,058730,다스코,KOSPI,50,15,건설,기계,813억원,813
206,023590,다우기술,KOSPI,70,4,"은행, 증권 및 기타금융",서비스업,"10,297억원",10297
207,032190,다우데이타,KOSDAQ,60,4,"은행, 증권 및 기타금융",도매,"5,592억원",5592
208,068240,다원시스,KOSDAQ,53,12,반도체,IT부품,"9,280억원",9280
209,019680,대교,KOSPI,92,0,"건설, 장비, 기기",서비스업,"3,303억원",3303
210,006370,대구백화점,KOSPI,61,4,"은행, 증권 및 기타금융",유통업,"1,082억원",1082
211,353200,대덕전자,KOSPI,134,14,전자부품,전기전자,"10,180억원",10180
212,020400,대동금속,KOSDAQ,114,7,운수장비,금속,302억원,302
213,008830,대동기어,KOSDAQ,68,7,운수장비,"기계,장비",519억원,519
214,048470,대동스틸,KOSDAQ,60,0,"건설, 장비, 기기",금속,577억원,577
215,008110,대동전자,KOSPI,53,14,전자부품,전기전자,916억원,916
216,004780,대륙제관,KOSDAQ,51,2,"음식료품, 담배 및 기타화학",금속,813억원,813
217,005750,대림B&Co,KOSPI,75,6,"화학, 섬유",비금속광물,"1,250억원",1250
218,017650,대림제지,KOSDAQ,58,6,"화학, 섬유","종이,목재","1,044억원",1044
219,006570,대림통상,KOSPI,53,9,"가전, 전자장비, 기타 부품 및 제품",기계,508억원,508
220,078140,대봉엘에스,KOSDAQ,71,17,섬유의복 및 유통,제약,909억원,909
221,001680,대상,KOSPI,100,2,"음식료품, 담배 및 기타화학",음식료품,"8,056억원",8056
222,084690,대상홀딩스,KOSPI,62,2,"음식료품, 담배 및 기타화학",기타금융업,"3,458억원",3458
223,036480,대성미생물,KOSDAQ,62,2,"음식료품, 담배 및 기타화학",제약,549억원,549
224,128820,대성산업,KOSPI,54,13,기계장비,유통업,"1,866억원",1866
225,117580,대성에너지,KOSPI,54,13,기계장비,전기가스업,"2,128억원",2128
226,025440,대성엘텍,KOSDAQ,74,1,전기전자,일반전기전자,905억원,905
227,027830,대성창투,KOSDAQ,52,4,"은행, 증권 및 기타금융",금융,"1,124억원",1124
228,104040,대성파인텍,KOSDAQ,56,13,기계장비,"운송장비,부품",642억원,642
229,016710,대성홀딩스,KOSPI,54,13,기계장비,서비스업,"7,546억원",7546
230,020180,대신정보통신,KOSDAQ,54,1,전기전자,컴퓨터서비스,421억원,421
231,003540,대신증권,KOSPI,61,4,"은행, 증권 및 기타금융",증권,"10,688억원",10688
232,045390,대아티아이,KOSDAQ,65,0,"건설, 장비, 기기",일반전기전자,"3,928억원",3928
233,009190,대양금속,KOSPI,203,10,철강금속,철강금속,"1,570억원",1570
234,108380,대양전기공업,KOSDAQ,68,1,전기전자,"운송장비,부품","1,449억원",1449
235,006580,대양제지,KOSDAQ,60,6,"화학, 섬유","종이,목재",875억원,875
236,014160,대영포장,KOSPI,56,6,"화학, 섬유",종이목재,"3,149억원",3149
237,047040,대우건설,KOSPI,87,15,건설,건설업,"25,104억원",25104
238,009320,대우부품,KOSPI,70,7,운수장비,운수장비,"1,182억원",1182
239,042660,대우조선해양,KOSPI,66,1,전기전자,운수장비,"25,428억원",25428
240,003090,대웅,KOSPI,163,11,"의료, 제약 및 생물공학",기타금융업,"17,908억원",17908
241,069620,대웅제약,KOSPI,127,11,"의료, 제약 및 생물공학",의약품,"16,916억원",16916
242,007680,대원,KOSDAQ,117,15,건설,종합건설,"1,246억원",1246
243,000430,대원강업,KOSPI,71,1,전기전자,운수장비,"2,325억원",2325
244,048910,대원미디어,KOSDAQ,157,8,"광고, 디지털컨텐츠, 엔터테인먼트",도매,"2,799억원",2799
245,005710,대원산업,KOSDAQ,118,7,운수장비,"운송장비,부품","1,361억원",1361
246,006340,대원전선,KOSPI,53,10,철강금속,전기전자,"1,207억원",1207
247,003220,대원제약,KOSPI,124,11,"의료, 제약 및 생물공학",의약품,"4,478억원",4478
248,024890,대원화성,KOSPI,91,6,"화학, 섬유",화학,"1,864억원",1864
249,290380,대유,KOSDAQ,62,2,"음식료품, 담배 및 기타화학",화학,983억원,983
250,002880,대유에이텍,KOSPI,63,0,"건설, 장비, 기기",운수장비,"1,542억원",1542
251,000300,대유플러스,KOSPI,62,9,"가전, 전자장비, 기타 부품 및 제품",전기전자,"1,567억원",1567
252,120240,대정화금,KOSDAQ,64,11,"의료, 제약 및 생물공학",화학,"1,510억원",1510
253,003310,대주산업,KOSDAQ,120,2,"음식료품, 담배 및 기타화학","음식료,담배",697억원,697
254,078600,대주전자재료,KOSDAQ,93,1,전기전자,IT부품,"15,666억원",15666
255,015230,대창단조,KOSPI,144,7,운수장비,운수장비,"1,091억원",1091
256,012800,대창,KOSPI,59,10,철강금속,철강금속,"1,604억원",1604
257,096350,대창솔루션,KOSDAQ,64,13,기계장비,금속,819억원,819
258,140520,대창스틸,KOSDAQ,70,10,철강금속,금속,662억원,662
259,131220,대한과학,KOSDAQ,55,11,"의료, 제약 및 생물공학",도매,635억원,635
260,010170,대한광통신,KOSDAQ,52,5,"항공,운수 및 통신장비",일반전기전자,"1,910억원",1910
261,054670,대한뉴팜,KOSDAQ,82,11,"의료, 제약 및 생물공학",제약,"1,522억원",1522
262,001070,대한방직,KOSPI,70,6,"화학, 섬유",섬유의복,"2,518억원",2518
263,023910,대한약품,KOSDAQ,63,11,"의료, 제약 및 생물공학",제약,"1,740억원",1740
264,006650,대한유화,KOSPI,79,6,"화학, 섬유",화학,"13,065억원",13065
265,001440,대한전선,KOSPI,54,13,기계장비,전기전자,"15,973억원",15973
266,084010,대한제강,KOSPI,70,10,철강금속,철강금속,"3,845억원",3845
267,001790,대한제당,KOSPI,81,2,"음식료품, 담배 및 기타화학",음식료품,"2,781억원",2781
268,001130,대한제분,KOSPI,96,2,"음식료품, 담배 및 기타화학",음식료품,"2,586억원",2586
269,003490,대한항공,KOSPI,51,5,"항공,운수 및 통신장비",운수창고업,"100,868억원",100868
270,005880,대한해운,KOSPI,79,0,"건설, 장비, 기기",운수창고업,"8,394억원",8394
271,003830,대한화섬,KOSPI,61,1,전기전자,화학,"1,640억원",1640
272,016090,대현,KOSPI,72,17,섬유의복 및 유통,섬유의복,983억원,983
273,069460,대호에이엘,KOSPI,66,10,철강금속,철강금속,"1,755억원",1755
274,067080,대화제약,KOSDAQ,188,11,"의료, 제약 및 생물공학",제약,"1,737억원",1737
275,192080,더블유게임즈,KOSPI,64,8,"광고, 디지털컨텐츠, 엔터테인먼트",서비스업,"10,437억원",10437
276,089230,THE E&M,KOSDAQ,54,8,"광고, 디지털컨텐츠, 엔터테인먼트",인터넷,"1,126억원",1126
277,012510,더존비즈온,KOSPI,53,16,IT서비스,서비스업,"23,212억원",23212
278,213420,덕산네오룩스,KOSDAQ,132,12,반도체,반도체,"13,542억원",13542
279,077360,덕산하이메탈,KOSDAQ,155,12,반도체,일반전기전자,"4,146억원",4146
280,004830,덕성,KOSPI,100,6,"화학, 섬유",화학,"2,517억원",2517
281,090410,덕신하우징,KOSDAQ,51,15,건설,금속,"1,062억원",1062
282,024900,덕양산업,KOSPI,70,7,운수장비,운수장비,"1,023억원",1023
283,263600,덕우전자,KOSDAQ,74,14,전자부품,일반전기전자,"1,160억원",1160
284,194480,데브시스터즈,KOSDAQ,51,8,"광고, 디지털컨텐츠, 엔터테인먼트",디지털컨텐츠,"10,744억원",10744
285,263800,데이타솔루션,KOSDAQ,64,16,IT서비스,정보기기,"1,071억원",1071
286,206560,덱스터,KOSDAQ,53,8,"광고, 디지털컨텐츠, 엔터테인먼트","오락,문화","7,946억원",7946
287,145720,덴티움,KOSPI,50,11,"의료, 제약 및 생물공학",의료정밀,"6,973억원",6973
288,067990,도이치모터스,KOSDAQ,115,4,"은행, 증권 및 기타금융",자동차판매,"2,343억원",2343
289,002150,도화엔지니어링,KOSPI,62,15,건설,서비스업,"2,586억원",2586
290,006620,동구바이오제약,KOSDAQ,120,0,"건설, 장비, 기기",제약,"2,235억원",2235
291,005160,동국산업,KOSDAQ,70,10,철강금속,금속,"1,890억원",1890
292,075970,동국알앤에스,KOSDAQ,235,10,철강금속,비금속,834억원,834
293,100130,동국S&C,KOSDAQ,68,10,철강금속,금속,"3,017억원",3017
294,001230,동국제강,KOSPI,68,10,철강금속,철강금속,"15,269억원",15269
295,086450,동국제약,KOSDAQ,69,11,"의료, 제약 및 생물공학",제약,"9,537억원",9537
296,004140,동방,KOSPI,57,0,"건설, 장비, 기기",운수창고업,"1,557억원",1557
297,099410,동방선기,KOSDAQ,62,13,기계장비,"운송장비,부품",354억원,354
298,007590,동방아그로,KOSPI,102,2,"음식료품, 담배 및 기타화학",화학,955억원,955
299,005960,동부건설,KOSPI,72,0,"건설, 장비, 기기",건설업,"3,377억원",3377
300,026960,동서,KOSPI,80,2,"음식료품, 담배 및 기타화학",유통업,"30,359억원",30359
301,002210,동성제약,KOSPI,96,11,"의료, 제약 및 생물공학",의약품,"2,132억원",2132
302,033500,동성화인텍,KOSDAQ,51,6,"화학, 섬유",화학,"3,437억원",3437
303,025950,동신건설,KOSDAQ,89,15,건설,종합건설,"2,600억원",2600
304,000640,동아쏘시오홀딩스,KOSPI,55,11,"의료, 제약 및 생물공학",기타금융업,"7,236억원",7236
305,170900,동아에스티,KOSPI,62,11,"의료, 제약 및 생물공학",의약품,"6,139억원",6139
306,088130,동아엘텍,KOSDAQ,53,12,반도체,"기계,장비","1,043억원",1043
307,028100,동아지질,KOSPI,69,15,건설,건설업,"2,024억원",2024
308,282690,동아타이어,KOSPI,56,7,운수장비,화학,"1,723억원",1723
309,041930,동아화성,KOSDAQ,101,7,운수장비,화학,"1,967억원",1967
310,084670,동양고속,KOSPI,70,0,"건설, 장비, 기기",운수창고업,530억원,530
311,001520,동양,KOSPI,81,15,건설,비금속광물,"3,664억원",3664
312,082640,동양생명,KOSPI,52,4,"은행, 증권 및 기타금융",보험업,"12,021억원",12021
313,060380,동양에스텍,KOSDAQ,89,10,철강금속,금속,693억원,693
314,079960,동양이엔피,KOSDAQ,76,14,전자부품,IT부품,"1,395억원",1395
315,008970,동양철관,KOSPI,54,10,철강금속,철강금속,"1,522억원",1522
316,228340,동양파일,KOSDAQ,52,15,건설,비금속,897억원,897
317,092780,동양피스톤,KOSPI,76,7,운수장비,운수장비,826억원,826
318,088910,동우팜투테이블,KOSDAQ,61,2,"음식료품, 담배 및 기타화학","음식료,담배",793억원,793
319,094170,동운아나텍,KOSDAQ,69,14,전자부품,반도체,"1,510억원",1510
320,049770,동원F&B,KOSPI,67,2,"음식료품, 담배 및 기타화학",음식료품,"7,564억원",7564
321,013120,동원개발,KOSDAQ,85,15,건설,종합건설,"4,477억원",4477
322,018500,동원금속,KOSPI,98,7,운수장비,운수장비,416억원,416
323,006040,동원산업,KOSPI,69,2,"음식료품, 담배 및 기타화학",미분류,"8,311억원",8311
324,030720,동원수산,KOSPI,50,2,"음식료품, 담배 및 기타화학",미분류,435억원,435
325,014820,동원시스템즈,KOSPI,53,6,"화학, 섬유",화학,"15,090억원",15090
326,163560,동일고무벨트,KOSPI,204,6,"화학, 섬유",화학,"1,011억원",1011
327,109860,동일금속,KOSDAQ,126,13,기계장비,금속,"1,260억원",1260
328,032960,동일기연,KOSDAQ,81,1,전기전자,IT부품,515억원,515
329,004890,동일산업,KOSPI,78,10,철강금속,철강금속,"3,480억원",3480
330,002690,동일제강,KOSPI,82,10,철강금속,철강금속,583억원,583
331,023790,동일철강,KOSDAQ,127,10,철강금속,금속,653억원,653
332,005290,동진쎄미켐,KOSDAQ,112,1,전기전자,반도체,"16,427억원",16427
333,025900,동화기업,KOSDAQ,56,6,"화학, 섬유","종이,목재","18,282억원",18282
334,000020,동화약품,KOSPI,150,11,"의료, 제약 및 생물공학",의약품,"4,232억원",4232
335,241560,두산밥캣,KOSPI,53,13,기계장비,기계,"41,854억원",41854
336,000150,두산,KOSPI,50,13,기계장비,서비스업,"18,672억원",18672
337,034020,두산중공업,KOSPI,50,13,기계장비,기계,"112,454억원",112454
338,016740,두올,KOSPI,54,7,운수장비,운수장비,"1,329억원",1329
339,073190,듀오백,KOSDAQ,74,17,섬유의복 및 유통,기타제조,343억원,343
340,030350,드래곤플라이,KOSDAQ,74,8,"광고, 디지털컨텐츠, 엔터테인먼트",디지털컨텐츠,"1,049억원",1049
341,203650,드림시큐리티,KOSDAQ,96,16,IT서비스,"출판,매체복제","2,171억원",2171
342,217620,디딤,KOSDAQ,89,2,"음식료품, 담배 및 기타화학","숙박,음식",502억원,502
343,187870,디바이스이엔지,KOSDAQ,150,12,반도체,반도체,"2,062억원",2062
344,066670,디스플레이텍,KOSDAQ,145,14,전자부품,IT부품,"1,292억원",1292
345,024090,디씨엠,KOSPI,62,1,전기전자,철강금속,"3,264억원",3264
346,003160,디아이,KOSPI,63,12,반도체,의료정밀,"2,460억원",2460
347,092200,디아이씨,KOSPI,62,7,운수장비,운수장비,"1,649억원",1649
348,110990,디아이티,KOSDAQ,64,12,반도체,IT부품,"1,731억원",1731
349,004840,DRB동일,KOSPI,72,7,운수장비,화학,"1,036억원",1036
350,214680,디알텍,KOSDAQ,54,11,"의료, 제약 및 생물공학","의료,정밀기기",912억원,912
351,263720,디앤씨미디어,KOSDAQ,90,8,"광고, 디지털컨텐츠, 엔터테인먼트",디지털컨텐츠,"4,793억원",4793
352,241520,DSC인베스트먼트,KOSDAQ,82,4,"은행, 증권 및 기타금융",금융,"1,627억원",1627
353,109740,디에스케이,KOSDAQ,78,11,"의료, 제약 및 생물공학","기계,장비","2,373억원",2373
354,131030,디에이치피코리아,KOSDAQ,80,11,"의료, 제약 및 생물공학",제약,"1,156억원",1156
355,196490,디에이테크놀로지,KOSDAQ,62,12,반도체,"기계,장비","1,768억원",1768
356,066900,디에이피,KOSDAQ,174,12,반도체,IT부품,814억원,814
357,127120,디엔에이링크,KOSDAQ,54,11,"의료, 제약 및 생물공학","연구,개발",580억원,580
358,092070,디엔에프,KOSDAQ,57,12,반도체,화학,"2,447억원",2447
359,068790,DMS,KOSDAQ,57,12,반도체,"기계,장비","1,632억원",1632
360,134580,디엠티,KOSDAQ,59,8,"광고, 디지털컨텐츠, 엔터테인먼트",통신장비,996억원,996
361,039840,디오,KOSDAQ,52,11,"의료, 제약 및 생물공학","의료,정밀기기","5,679억원",5679
362,013570,디와이,KOSPI,51,7,운수장비,기타금융업,"1,611억원",1611
363,210540,디와이파워,KOSPI,62,1,전기전자,기계,"1,380억원",1380
364,079810,디이엔티,KOSDAQ,108,12,반도체,"기계,장비",585억원,585
365,113810,디젠스,KOSDAQ,138,7,운수장비,"운송장비,부품",267억원,267
366,043360,디지아이,KOSDAQ,54,0,"건설, 장비, 기기",정보기기,288억원,288
367,197140,디지캡,KOSDAQ,57,8,"광고, 디지털컨텐츠, 엔터테인먼트","출판,매체복제",441억원,441
368,106520,디지탈옵틱,KOSDAQ,50,14,전자부품,"의료,정밀기기",440억원,440
369,068930,디지털대성,KOSDAQ,56,3,교육서비스 및 문구류,교육,"2,787억원",2787
370,033130,디지틀조선,KOSDAQ,57,3,교육서비스 및 문구류,디지털컨텐츠,"1,112억원",1112
371,105740,디케이락,KOSDAQ,63,13,기계장비,"기계,장비",925억원,925
372,007340,디티알오토모티브,KOSPI,83,7,운수장비,전기전자,"5,747억원",5747
373,187220,디티앤씨,KOSDAQ,50,16,IT서비스,전문기술,748억원,748
374,026890,디피씨,KOSPI,92,4,"은행, 증권 및 기타금융",전기전자,"6,460억원",6460
375,131180,딜리,KOSDAQ,50,14,전자부품,정보기기,562억원,562
376,042510,라온시큐어,KOSDAQ,54,16,IT서비스,소프트웨어,"1,628억원",1628
377,171120,라이온켐텍,KOSDAQ,55,6,"화학, 섬유",화학,"1,583억원",1583
378,069540,라이트론,KOSDAQ,76,14,전자부품,통신장비,"1,173억원",1173
379,115390,락앤락,KOSPI,54,17,섬유의복 및 유통,화학,"5,645억원",5645
380,171010,램테크놀러지,KOSDAQ,67,12,반도체,반도체,"1,399억원",1399
381,084650,랩지노믹스,KOSDAQ,57,11,"의료, 제약 및 생물공학","연구,개발","3,572억원",3572
382,217500,러셀,KOSDAQ,55,12,반도체,"기계,장비","1,237억원",1237
383,141080,레고켐바이오,KOSDAQ,57,11,"의료, 제약 및 생물공학","연구,개발","13,887억원",13887
384,060300,레드로버,KOSDAQ,112,8,"광고, 디지털컨텐츠, 엔터테인먼트","오락,문화",488억원,488
385,038390,레드캡투어,KOSDAQ,74,4,"은행, 증권 및 기타금융",사업지원,"1,726억원",1726
386,228850,레이언스,KOSDAQ,54,11,"의료, 제약 및 생물공학","의료,정밀기기","2,049억원",2049
387,215100,로보로보,KOSDAQ,59,3,교육서비스 및 문구류,디지털컨텐츠,756억원,756
388,090360,로보스타,KOSDAQ,53,12,반도체,"기계,장비","2,038억원",2038
389,900260,로스웰,KOSDAQ,57,0,"건설, 장비, 기기",미분류,445억원,445
390,067730,로지시스,KOSDAQ,57,16,IT서비스,컴퓨터서비스,624억원,624
391,071280,로체시스템즈,KOSDAQ,107,12,반도체,반도체,811억원,811
392,032350,롯데관광개발,KOSPI,137,8,"광고, 디지털컨텐츠, 엔터테인먼트",서비스업,"11,604억원",11604
393,000400,롯데손해보험,KOSPI,51,4,"은행, 증권 및 기타금융",보험업,"5,090억원",5090
394,023530,롯데쇼핑,KOSPI,52,2,"음식료품, 담배 및 기타화학",유통업,"25,347억원",25347
395,004000,롯데정밀화학,KOSPI,84,6,"화학, 섬유",화학,"20,227억원",20227
396,286940,롯데정보통신,KOSPI,62,16,IT서비스,서비스업,"5,296억원",5296
397,280360,롯데제과,KOSPI,131,2,"음식료품, 담배 및 기타화학",음식료품,"7,989억원",7989
398,004990,롯데지주,KOSPI,52,2,"음식료품, 담배 및 기타화학",기타금융업,"32,260억원",32260
399,005300,롯데칠성,KOSPI,50,2,"음식료품, 담배 및 기타화학",음식료품,"12,016억원",12016
400,011170,롯데케미칼,KOSPI,105,6,"화학, 섬유",화학,"80,033억원",80033
401,002270,롯데푸드,KOSPI,94,2,"음식료품, 담배 및 기타화학",음식료품,"4,141억원",4141
402,071840,롯데하이마트,KOSPI,50,2,"음식료품, 담배 및 기타화학",유통업,"6,032억원",6032
403,038060,루멘스,KOSDAQ,79,14,전자부품,반도체,512억원,512
404,085370,루트로닉,KOSDAQ,50,1,전기전자,"의료,정밀기기","4,454억원",4454
405,060240,룽투코리아,KOSDAQ,53,8,"광고, 디지털컨텐츠, 엔터테인먼트",디지털컨텐츠,"1,940억원",1940
406,058470,리노공업,KOSDAQ,58,12,반도체,반도체,"30,332억원",30332
407,039980,리노스,KOSDAQ,78,16,IT서비스,소매,516억원,516
408,016100,리더스코스메틱,KOSDAQ,51,0,"건설, 장비, 기기",화학,678억원,678
409,012700,리드코프,KOSDAQ,119,4,"은행, 증권 및 기타금융",도매,"2,422억원",2422
410,277070,린드먼아시아,KOSDAQ,50,4,"은행, 증권 및 기타금융",금융,765억원,765
411,042500,링네트,KOSDAQ,79,16,IT서비스,컴퓨터서비스,"1,021억원",1021
412,219420,링크제니시스,KOSDAQ,51,16,IT서비스,소프트웨어,874억원,874
413,027740,마니커,KOSPI,60,2,"음식료품, 담배 및 기타화학",음식료품,587억원,587
414,147760,마이크로프랜드,KOSDAQ,50,12,반도체,"의료,정밀기기",927억원,927
415,038290,마크로젠,KOSDAQ,52,11,"의료, 제약 및 생물공학",전문기술,"3,231억원",3231
416,204320,만도,KOSPI,116,7,운수장비,운수장비,"27,423억원",27423
417,001080,만호제강,KOSPI,125,10,철강금속,철강금속,909억원,909
418,267980,매일유업,KOSDAQ,57,2,"음식료품, 담배 및 기타화학","음식료,담배","5,451억원",5451
419,005990,매일홀딩스,KOSDAQ,72,2,"음식료품, 담배 및 기타화학","음식료,담배","1,251억원",1251
420,127160,매직마이크로,KOSDAQ,189,14,전자부품,반도체,244억원,244
421,093520,매커스,KOSDAQ,62,12,반도체,도매,"1,277억원",1277
422,067280,멀티캠퍼스,KOSDAQ,51,3,교육서비스 및 문구류,디지털컨텐츠,"2,815억원",2815
423,072870,메가스터디,KOSDAQ,55,3,교육서비스 및 문구류,"출판,매체복제","1,603억원",1603
424,215200,메가스터디교육,KOSDAQ,59,3,교육서비스 및 문구류,교육,"8,849억원",8849
425,133750,메가엠디,KOSDAQ,57,3,교육서비스 및 문구류,교육,"1,129억원",1129
426,041920,메디아나,KOSDAQ,68,11,"의료, 제약 및 생물공학","의료,정밀기기","1,376억원",1376
427,086900,메디톡스,KOSDAQ,52,11,"의료, 제약 및 생물공학",제약,"9,344억원",9344
428,078160,메디포스트,KOSDAQ,60,11,"의료, 제약 및 생물공학",제약,"3,700억원",3700
429,065650,메디프론,KOSDAQ,52,11,"의료, 제약 및 생물공학",도매,"1,103억원",1103
430,138040,메리츠금융지주,KOSPI,58,4,"은행, 증권 및 기타금융",기타금융업,"42,817억원",42817
431,000060,메리츠화재,KOSPI,60,4,"은행, 증권 및 기타금융",보험업,"36,248억원",36248
432,021880,메이슨캐피탈,KOSDAQ,52,4,"은행, 증권 및 기타금융",금융,763억원,763
433,140410,메지온,KOSDAQ,110,0,"건설, 장비, 기기","연구,개발","15,860억원",15860
434,241770,메카로,KOSDAQ,108,12,반도체,반도체,"1,305억원",1305
435,090370,메타랩스,KOSPI,58,17,섬유의복 및 유통,섬유의복,617억원,617
436,059210,메타바이오메드,KOSDAQ,51,11,"의료, 제약 및 생물공학",제약,669억원,669
437,058110,멕아이씨에스,KOSDAQ,64,11,"의료, 제약 및 생물공학","의료,정밀기기","2,432억원",2432
438,096640,멜파스,KOSDAQ,51,14,전자부품,IT부품,688억원,688
439,017180,명문제약,KOSPI,53,11,"의료, 제약 및 생물공학",의약품,"1,589억원",1589
440,257370,명성티엔에스,KOSDAQ,51,12,반도체,IT부품,593억원,593
441,012690,모나리자,KOSPI,64,1,전기전자,종이목재,"1,399억원",1399
442,005360,모나미,KOSPI,82,3,교육서비스 및 문구류,유통업,854억원,854
443,080420,모다이노칩,KOSDAQ,64,1,전기전자,IT부품,"2,730억원",2730
444,080160,모두투어,KOSDAQ,147,4,"은행, 증권 및 기타금융",사업지원,"3,997억원",3997
445,100030,모바일리더,KOSDAQ,61,16,IT서비스,소프트웨어,596억원,596
446,087260,모바일어플라이언스,KOSDAQ,59,14,전자부품,소프트웨어,"1,295억원",1295
447,101330,모베이스,KOSDAQ,64,14,전자부품,IT부품,994억원,994
448,250060,모비스,KOSDAQ,50,16,IT서비스,소프트웨어,711억원,711
449,033200,모아텍,KOSDAQ,68,1,전기전자,IT부품,770억원,770
450,009680,모토닉,KOSPI,61,7,운수장비,운수장비,"3,448억원",3448
451,118990,모트렉스,KOSDAQ,54,7,운수장비,"운송장비,부품","2,557억원",2557
452,006920,모헨즈,KOSDAQ,77,10,철강금속,비금속,590억원,590
453,001810,무림SP,KOSDAQ,77,6,"화학, 섬유","종이,목재",671억원,671
454,009200,무림페이퍼,KOSPI,61,4,"은행, 증권 및 기타금융",종이목재,"1,022억원",1022
455,009580,무림P&P,KOSPI,50,6,"화학, 섬유",종이목재,"2,613억원",2613
456,033920,무학,KOSPI,52,2,"음식료품, 담배 및 기타화학",음식료품,"2,431억원",2431
457,008420,문배철강,KOSPI,134,10,철강금속,철강금속,767억원,767
458,095500,미래나노텍,KOSDAQ,114,14,전자부품,IT부품,"1,668억원",1668
459,025560,미래산업,KOSPI,82,12,반도체,의료정밀,581억원,581
460,218150,미래생명자원,KOSDAQ,51,2,"음식료품, 담배 및 기타화학","음식료,담배",791억원,791
461,007120,미래아이앤지,KOSPI,58,8,"광고, 디지털컨텐츠, 엔터테인먼트",서비스업,605억원,605
462,085620,미래에셋생명,KOSPI,58,4,"은행, 증권 및 기타금융",보험업,"7,231억원",7231
463,049950,미래컴퍼니,KOSDAQ,50,1,전기전자,"기계,장비","2,375억원",2375
464,207760,미스터블루,KOSDAQ,60,8,"광고, 디지털컨텐츠, 엔터테인먼트",디지털컨텐츠,"2,429억원",2429
465,002840,미원상사,KOSPI,81,6,"화학, 섬유",화학,"9,965억원",9965
466,268280,미원에스씨,KOSPI,50,6,"화학, 섬유",화학,"10,174억원",10174
467,107590,미원홀딩스,KOSPI,84,6,"화학, 섬유",기타금융업,"3,387억원",3387
468,134380,미원화학,KOSPI,99,6,"화학, 섬유",화학,"1,766억원",1766
469,003650,미창석유,KOSPI,55,6,"화학, 섬유",화학,"1,390억원",1390
470,059090,미코,KOSDAQ,61,12,반도체,반도체,"4,836억원",4836
471,201490,미투온,KOSDAQ,71,8,"광고, 디지털컨텐츠, 엔터테인먼트",디지털컨텐츠,"2,210억원",2210
472,214180,민앤지,KOSDAQ,55,8,"광고, 디지털컨텐츠, 엔터테인먼트",소프트웨어,"2,665억원",2665
473,206640,바디텍메드,KOSDAQ,59,11,"의료, 제약 및 생물공학",제약,"3,957억원",3957
474,018700,바른손,KOSDAQ,51,8,"광고, 디지털컨텐츠, 엔터테인먼트",도매,"1,148억원",1148
475,035620,바른손이앤에이,KOSDAQ,52,8,"광고, 디지털컨텐츠, 엔터테인먼트","오락,문화","1,040억원",1040
476,064520,바른전자,KOSDAQ,126,14,전자부품,반도체,841억원,841
477,053030,바이넥스,KOSDAQ,88,11,"의료, 제약 및 생물공학",제약,"5,098억원",5098
478,064550,바이오니아,KOSDAQ,64,11,"의료, 제약 및 생물공학",제약,"15,125억원",15125
479,208710,바이오로그디바이스,KOSDAQ,57,14,전자부품,IT부품,"1,411억원",1411
480,142760,바이오리더스,KOSDAQ,105,11,"의료, 제약 및 생물공학","연구,개발","2,413억원",2413
481,086820,바이오솔루션,KOSDAQ,58,11,"의료, 제약 및 생물공학",제약,"1,727억원",1727
482,038460,바이오스마트,KOSDAQ,62,17,섬유의복 및 유통,정보기기,"1,037억원",1037
483,086040,바이오톡스텍,KOSDAQ,56,11,"의료, 제약 및 생물공학","연구,개발","1,170억원",1170
484,032980,바이온,KOSDAQ,58,17,섬유의복 및 유통,도매,706억원,706
485,043150,바텍,KOSDAQ,64,11,"의료, 제약 및 생물공학","의료,정밀기기","5,132억원",5132
486,003610,방림,KOSPI,87,1,전기전자,섬유의복,"1,094억원",1094
487,267790,배럴,KOSDAQ,86,17,섬유의복 및 유통,"섬유,의류",631억원,631
488,001340,백광산업,KOSPI,67,6,"화학, 섬유",화학,"2,309억원",2309
489,046310,백금T&A,KOSDAQ,52,0,"건설, 장비, 기기",통신장비,660억원,660
490,035150,백산,KOSPI,60,6,"화학, 섬유",화학,"1,951억원",1951
491,002410,범양건영,KOSPI,113,15,건설,건설업,"1,515억원",1515
492,177350,베셀,KOSDAQ,58,12,반도체,반도체,428억원,428
493,007210,벽산,KOSPI,57,6,"화학, 섬유",비금속광물,"2,482억원",2482
494,225530,보광산업,KOSDAQ,61,15,건설,비금속,"2,369억원",2369
495,250000,보라티알,KOSDAQ,87,0,"건설, 장비, 기기",도매,905억원,905
496,002760,보락,KOSPI,65,2,"음식료품, 담배 및 기타화학",화학,"1,180억원",1180
497,003850,보령제약,KOSPI,88,11,"의료, 제약 및 생물공학",의약품,"10,647억원",10647
498,006910,보성파워텍,KOSDAQ,89,13,기계장비,금속,"1,702억원",1702
499,000890,보해양조,KOSPI,53,2,"음식료품, 담배 및 기타화학",음식료품,"1,274억원",1274
500,008470,부스타,KOSDAQ,54,13,기계장비,금속,485억원,485
501,003000,부광약품,KOSPI,157,11,"의료, 제약 및 생물공학",의약품,"9,451억원",9451
502,001270,부국증권,KOSPI,60,4,"은행, 증권 및 기타금융",증권,"2,603억원",2603
503,026940,부국철강,KOSPI,68,10,철강금속,철강금속,842억원,842
504,014470,부방,KOSDAQ,59,9,"가전, 전자장비, 기타 부품 및 제품",금융,"1,426억원",1426
505,015350,부산가스,KOSPI,55,13,기계장비,전기가스업,"9,295억원",9295
506,011390,부산산업,KOSPI,56,15,건설,비금속광물,"1,104억원",1104
507,005030,부산주공,KOSPI,129,7,운수장비,운수장비,343억원,343
508,100120,뷰웍스,KOSDAQ,81,11,"의료, 제약 및 생물공학","의료,정밀기기","3,796억원",3796
509,064480,브리지텍,KOSDAQ,104,16,IT서비스,컴퓨터서비스,693억원,693
510,251630,브이원텍,KOSDAQ,81,12,반도체,"기계,장비","1,276억원",1276
511,033560,블루콤,KOSDAQ,62,14,전자부품,IT부품,"1,719억원",1719
512,121800,비덴트,KOSDAQ,50,8,"광고, 디지털컨텐츠, 엔터테인먼트",통신장비,"11,875억원",11875
513,148140,비디아이,KOSDAQ,68,13,기계장비,"기계,장비",484억원,484
514,100220,비상교육,KOSPI,55,3,교육서비스 및 문구류,서비스업,"1,044억원",1044
515,200780,비씨월드제약,KOSDAQ,120,11,"의료, 제약 및 생물공학",제약,"1,405억원",1405
516,141000,비아트론,KOSDAQ,52,12,반도체,반도체,"1,242억원",1242
517,090460,비에이치,KOSDAQ,96,1,전기전자,IT부품,"7,573억원",7573
518,083650,비에이치아이,KOSDAQ,73,13,기계장비,"기계,장비","1,027억원",1027
519,086670,비엠티,KOSDAQ,108,13,기계장비,"기계,장비",945억원,945
520,138580,비즈니스온,KOSDAQ,55,16,IT서비스,소프트웨어,"3,192억원",3192
521,082920,비츠로셀,KOSDAQ,50,5,"항공,운수 및 통신장비",IT부품,"3,080억원",3080
522,054220,비츠로시스,KOSDAQ,54,13,기계장비,일반전기전자,973억원,973
523,042370,비츠로테크,KOSDAQ,52,5,"항공,운수 및 통신장비",금융,"2,329억원",2329
524,032850,비트컴퓨터,KOSDAQ,60,11,"의료, 제약 및 생물공학",소프트웨어,"1,812억원",1812
525,093190,빅솔론,KOSDAQ,61,16,IT서비스,정보기기,"1,272억원",1272
526,065450,빅텍,KOSDAQ,50,1,전기전자,"의료,정밀기기","1,530억원",1530
527,005180,빙그레,KOSPI,164,2,"음식료품, 담배 및 기타화학",음식료품,"5,093억원",5093
528,072950,빛샘전자,KOSDAQ,65,1,전기전자,반도체,472억원,472
529,143240,사람인에이치알,KOSDAQ,50,4,"은행, 증권 및 기타금융",인터넷,"5,247억원",5247
530,003960,사조대림,KOSPI,101,0,"건설, 장비, 기기",음식료품,"2,410억원",2410
531,008040,사조동아원,KOSPI,92,2,"음식료품, 담배 및 기타화학",음식료품,"1,553억원",1553
532,007160,사조산업,KOSPI,77,2,"음식료품, 담배 및 기타화학",미분류,"2,405억원",2405
533,014710,사조씨푸드,KOSPI,87,2,"음식료품, 담배 및 기타화학",음식료품,950억원,950
534,006090,사조오양,KOSPI,70,2,"음식료품, 담배 및 기타화학",음식료품,871억원,871
535,100090,삼강엠앤티,KOSDAQ,89,13,기계장비,금속,"7,937억원",7937
536,014970,삼륭물산,KOSDAQ,57,2,"음식료품, 담배 및 기타화학","종이,목재","1,047억원",1047
537,018310,삼목에스폼,KOSDAQ,137,15,건설,금속,"1,970억원",1970
538,053700,삼보모터스,KOSDAQ,99,7,운수장비,"운송장비,부품","1,048억원",1048
539,009620,삼보산업,KOSDAQ,54,8,"광고, 디지털컨텐츠, 엔터테인먼트",금속,738억원,738
540,023600,삼보판지,KOSDAQ,92,6,"화학, 섬유","종이,목재","2,514억원",2514
541,001470,삼부토건,KOSPI,97,15,건설,건설업,"2,923억원",2923
542,006400,삼성SDI,KOSPI,124,14,전자부품,전기전자,"467,599억원",467599
543,006660,삼성공조,KOSPI,146,7,운수장비,운수장비,"1,268억원",1268
544,028260,삼성물산,KOSPI,58,15,건설,유통업,"219,592억원",219592
545,207940,삼성바이오로직스,KOSPI,55,11,"의료, 제약 및 생물공학",의약품,"588,868억원",588868
546,032830,삼성생명,KOSPI,52,4,"은행, 증권 및 기타금융",보험업,"134,800억원",134800
547,018260,삼성에스디에스,KOSPI,63,16,IT서비스,서비스업,"121,870억원",121870
548,028050,삼성엔지니어링,KOSPI,67,13,기계장비,서비스업,"44,688억원",44688
549,009150,삼성전기,KOSPI,63,14,전자부품,전기전자,"132,955억원",132955
550,005930,삼성전자,KOSPI,55,14,전자부품,전기전자,"4,596,733억원",4596733
551,001360,삼성제약,KOSPI,84,11,"의료, 제약 및 생물공학",의약품,"3,472억원",3472
552,010140,삼성중공업,KOSPI,88,13,기계장비,운수장비,"50,688억원",50688
553,016360,삼성증권,KOSPI,55,4,"은행, 증권 및 기타금융",증권,"44,204억원",44204
554,068290,삼성출판사,KOSPI,58,0,"건설, 장비, 기기",서비스업,"3,380억원",3380
555,029780,삼성카드,KOSPI,60,4,"은행, 증권 및 기타금융",기타금융업,"39,044억원",39044
556,000810,삼성화재,KOSPI,50,0,"건설, 장비, 기기",보험업,"99,487억원",99487
557,006110,삼아알미늄,KOSPI,59,10,철강금속,철강금속,"2,981억원",2981
558,009300,삼아제약,KOSDAQ,92,11,"의료, 제약 및 생물공학",제약,"1,201억원",1201
559,145990,삼양사,KOSPI,64,2,"음식료품, 담배 및 기타화학",음식료품,"6,580억원",6580
560,003230,삼양식품,KOSPI,97,2,"음식료품, 담배 및 기타화학",음식료품,"7,104억원",7104
561,225190,삼양옵틱스,KOSDAQ,66,14,전자부품,"의료,정밀기기","1,123억원",1123
562,002170,삼양통상,KOSPI,85,6,"화학, 섬유",미분류,"1,755억원",1755
563,272550,삼양패키징,KOSPI,61,2,"음식료품, 담배 및 기타화학",화학,"3,574억원",3574
564,000070,삼양홀딩스,KOSPI,57,2,"음식료품, 담배 및 기타화학",기타금융업,"8,736억원",8736
565,060310,3S,KOSDAQ,54,9,"가전, 전자장비, 기타 부품 및 제품","기계,장비","1,569억원",1569
566,002810,삼영무역,KOSPI,54,6,"화학, 섬유",유통업,"2,724억원",2724
567,054540,삼영엠텍,KOSDAQ,66,13,기계장비,금속,585억원,585
568,065570,삼영이엔씨,KOSDAQ,80,5,"항공,운수 및 통신장비",통신장비,873억원,873
569,005680,삼영전자,KOSPI,58,1,전기전자,전기전자,"2,250억원",2250
570,003720,삼영화학,KOSPI,121,6,"화학, 섬유",화학,"1,000억원",1000
571,023000,삼원강재,KOSPI,96,7,운수장비,운수장비,"1,252억원",1252
572,004380,삼익THK,KOSPI,60,1,전기전자,기계,"2,499억원",2499
573,002450,삼익악기,KOSPI,54,9,"가전, 전자장비, 기타 부품 및 제품",미분류,"1,657억원",1657
574,032280,삼일,KOSDAQ,54,10,철강금속,육상운송,439억원,439
575,002290,삼일기업공사,KOSDAQ,65,15,건설,종합건설,505억원,505
576,000520,삼일제약,KOSPI,69,1,전기전자,의약품,"1,122억원",1122
577,009770,삼정펄프,KOSPI,89,6,"화학, 섬유",종이목재,680억원,680
578,037460,삼지전자,KOSDAQ,58,14,전자부품,통신장비,"1,983억원",1983
579,032750,삼진,KOSDAQ,63,14,전자부품,일반전기전자,693억원,693
580,054090,삼진엘앤디,KOSDAQ,54,1,전기전자,IT부품,892억원,892
581,005500,삼진제약,KOSPI,106,11,"의료, 제약 및 생물공학",의약품,"3,586억원",3586
582,000250,삼천당제약,KOSDAQ,105,11,"의료, 제약 및 생물공학",제약,"10,496억원",10496
583,004690,삼천리,KOSPI,52,13,기계장비,전기가스업,"3,532억원",3532
584,024950,삼천리자전거,KOSDAQ,64,17,섬유의복 및 유통,도매,"1,311억원",1311
585,038500,삼표시멘트,KOSDAQ,59,15,건설,비금속,"5,175억원",5175
586,017480,삼현철강,KOSDAQ,60,10,철강금속,금속,912억원,912
587,010960,삼호개발,KOSPI,75,15,건설,건설업,"1,255억원",1255
588,046390,삼화네트웍스,KOSDAQ,75,8,"광고, 디지털컨텐츠, 엔터테인먼트","오락,문화","1,217억원",1217
589,004450,삼화왕관,KOSPI,56,2,"음식료품, 담배 및 기타화학",기계,909억원,909
590,009470,삼화전기,KOSPI,118,1,전기전자,전기전자,"1,954억원",1954
591,011230,삼화전자,KOSPI,57,14,전자부품,전기전자,433억원,433
592,001820,삼화콘덴서,KOSPI,73,14,전자부품,전기전자,"5,686억원",5686
593,000390,삼화페인트,KOSPI,53,6,"화학, 섬유",화학,"2,530억원",2530
594,027580,상보,KOSDAQ,54,14,전자부품,화학,"1,091억원",1091
595,038540,상상인,KOSDAQ,73,16,IT서비스,컴퓨터서비스,"4,399억원",4399
596,041650,상신브레이크,KOSPI,60,7,운수장비,운수장비,831억원,831
597,091580,상신이디피,KOSDAQ,73,1,전기전자,IT부품,"2,075억원",2075
598,263810,상신전자,KOSDAQ,90,9,"가전, 전자장비, 기타 부품 및 제품",일반전기전자,599억원,599
599,089980,상아프론테크,KOSDAQ,51,14,전자부품,화학,"9,354억원",9354
600,042940,상지카일룸,KOSDAQ,60,15,건설,종합건설,933억원,933
601,042600,새로닉스,KOSDAQ,52,14,전자부품,IT부품,"3,230억원",3230
602,075180,새론오토모티브,KOSPI,73,7,운수장비,운수장비,996억원,996
603,263540,샘코,KOSDAQ,56,13,기계장비,"운송장비,부품",603억원,603
604,007540,샘표,KOSPI,103,2,"음식료품, 담배 및 기타화학",기타금융업,"1,195억원",1195
605,248170,샘표식품,KOSPI,108,2,"음식료품, 담배 및 기타화학",음식료품,"2,033억원",2033
606,038070,서린바이오,KOSDAQ,100,11,"의료, 제약 및 생물공학",도매,"1,818억원",1818
607,006730,서부T&D,KOSDAQ,72,8,"광고, 디지털컨텐츠, 엔터테인먼트","숙박,음식","5,185억원",5185
608,079650,서산,KOSDAQ,96,15,건설,비금속,513억원,513
609,100660,서암기계공업,KOSDAQ,89,13,기계장비,"기계,장비",634억원,634
610,007860,서연,KOSPI,50,7,운수장비,기타금융업,"3,088억원",3088
611,200880,서연이화,KOSPI,53,7,운수장비,운수장비,"1,919억원",1919
612,019770,서연탑메탈,KOSDAQ,54,7,운수장비,"기계,장비",821억원,821
613,017390,서울가스,KOSPI,73,13,기계장비,전기가스업,"7,975억원",7975
614,043710,서울리거,KOSDAQ,52,0,"건설, 장비, 기기",도매,442억원,442
615,046890,서울반도체,KOSDAQ,59,1,전기전자,반도체,"8,396억원",8396
616,004410,서울식품,KOSPI,70,2,"음식료품, 담배 및 기타화학",음식료품,"1,173억원",1173
617,063170,서울옥션,KOSDAQ,57,8,"광고, 디지털컨텐츠, 엔터테인먼트",도매,"5,041억원",5041
618,027040,서울전자통신,KOSDAQ,56,0,"건설, 장비, 기기",도매,519억원,519
619,018680,서울제약,KOSDAQ,89,11,"의료, 제약 및 생물공학",제약,575억원,575
620,021050,서원,KOSPI,173,10,철강금속,철강금속,916억원,916
621,093920,서원인텍,KOSDAQ,94,14,전자부품,IT부품,"1,257억원",1257
622,189860,서전기전,KOSDAQ,58,13,기계장비,일반전기전자,784억원,784
623,178320,서진시스템,KOSDAQ,68,12,반도체,통신장비,"7,967억원",7967
624,122690,서진오토모티브,KOSDAQ,119,7,운수장비,"운송장비,부품",531억원,531
625,140070,서플러스글로벌,KOSDAQ,59,12,반도체,도매,"1,561억원",1561
626,011370,서한,KOSDAQ,149,15,건설,종합건설,"1,650억원",1650
627,065710,서호전기,KOSDAQ,53,13,기계장비,일반전기전자,"1,082억원",1082
628,008490,서흥,KOSPI,70,0,"건설, 장비, 기기",화학,"4,813억원",4813
629,035890,서희건설,KOSDAQ,54,1,전기전자,종합건설,"3,826억원",3826
630,003100,선광,KOSDAQ,99,13,기계장비,여행운송,"3,755억원",3755
631,123420,선데이토즈,KOSDAQ,59,8,"광고, 디지털컨텐츠, 엔터테인먼트",디지털컨텐츠,"2,660억원",2660
632,007610,선도전기,KOSPI,50,13,기계장비,전기전자,643억원,643
633,171090,선익시스템,KOSDAQ,153,12,반도체,반도체,"2,077억원",2077
634,136490,선진,KOSPI,58,2,"음식료품, 담배 및 기타화학",음식료품,"2,675억원",2675
635,014620,성광벤드,KOSDAQ,211,13,기계장비,금속,"2,279억원",2279
636,037350,성도이엔지,KOSDAQ,69,15,건설,전문기술,877억원,877
637,014910,성문전자,KOSPI,51,1,전기전자,전기전자,456억원,456
638,003080,성보화학,KOSPI,52,2,"음식료품, 담배 및 기타화학",화학,806억원,806
639,004980,성신양회,KOSPI,52,15,건설,비금속광물,"4,070억원",4070
640,011300,성안,KOSPI,70,6,"화학, 섬유",섬유의복,447억원,447
641,081580,성우전자,KOSDAQ,84,14,전자부품,IT부품,538억원,538
642,045300,성우테크론,KOSDAQ,187,12,반도체,반도체,494억원,494
643,015750,성우하이텍,KOSDAQ,69,7,운수장비,"운송장비,부품","4,536억원",4536
644,000180,성창기업지주,KOSPI,50,6,"화학, 섬유",서비스업,"1,765억원",1765
645,080470,성창오토텍,KOSDAQ,69,7,운수장비,"운송장비,부품",591억원,591
646,043260,성호전자,KOSDAQ,66,0,"건설, 장비, 기기",IT부품,852억원,852
647,002420,세기상사,KOSPI,66,8,"광고, 디지털컨텐츠, 엔터테인먼트",서비스업,251억원,251
648,053060,세동,KOSDAQ,74,7,운수장비,"운송장비,부품",231억원,231
649,017510,세명전기,KOSDAQ,177,13,기계장비,금속,648억원,648
650,004360,세방,KOSPI,63,0,"건설, 장비, 기기",운수창고업,"2,259억원",2259
651,004490,세방전지,KOSPI,189,7,운수장비,전기전자,"10,584억원",10584
652,011560,세보엠이씨,KOSDAQ,95,15,건설,전문건설,740억원,740
653,001430,세아베스틸,KOSPI,59,10,철강금속,철강금속,"7,298억원",7298
654,306200,세아제강,KOSPI,50,10,철강금속,철강금속,"2,794억원",2794
655,003030,세아제강지주,KOSPI,59,10,철강금속,기타금융업,"4,618억원",4618
656,019440,세아특수강,KOSPI,110,1,전기전자,철강금속,"1,384억원",1384
657,058650,세아홀딩스,KOSPI,58,10,철강금속,철강금속,"4,140억원",4140
658,013000,세우글로벌,KOSPI,56,6,"화학, 섬유",유통업,511억원,511
659,100700,세운메디칼,KOSDAQ,68,11,"의료, 제약 및 생물공학",제약,"1,862억원",1862
660,234100,세원,KOSDAQ,107,7,운수장비,"운송장비,부품","1,446억원",1446
661,024830,세원물산,KOSDAQ,59,7,운수장비,"운송장비,부품",524억원,524
662,021820,세원정공,KOSPI,99,7,운수장비,운수장비,809억원,809
663,067830,세이브존I&C,KOSPI,55,17,섬유의복 및 유통,유통업,"1,213억원",1213
664,033530,세종공업,KOSPI,50,7,운수장비,운수장비,"2,521억원",2521
665,258830,세종메디칼,KOSDAQ,81,11,"의료, 제약 및 생물공학","의료,정밀기기","3,180억원",3180
666,036630,세종텔레콤,KOSDAQ,82,16,IT서비스,통신서비스,"3,701억원",3701
667,039310,세중,KOSDAQ,58,8,"광고, 디지털컨텐츠, 엔터테인먼트",사업지원,728억원,728
668,075580,세진중공업,KOSPI,55,13,기계장비,운수장비,"3,360억원",3360
669,067770,세진티에스,KOSDAQ,96,14,전자부품,IT부품,420억원,420
670,053450,세코닉스,KOSDAQ,55,14,전자부품,"의료,정밀기기","1,185억원",1185
671,027970,세하,KOSPI,55,0,"건설, 장비, 기기",종이목재,956억원,956
672,252500,세화피앤씨,KOSDAQ,55,17,섬유의복 및 유통,화학,631억원,631
673,049180,셀루메드,KOSDAQ,68,11,"의료, 제약 및 생물공학",제약,"2,840억원",2840
674,108860,셀바스AI,KOSDAQ,84,16,IT서비스,소프트웨어,"2,228억원",2228
675,208370,셀바스헬스케어,KOSDAQ,60,11,"의료, 제약 및 생물공학","의료,정밀기기",632억원,632
676,068270,셀트리온,KOSPI,131,11,"의료, 제약 및 생물공학",의약품,"284,171억원",284171
677,068760,셀트리온제약,KOSDAQ,125,11,"의료, 제약 및 생물공학",제약,"45,140억원",45140
678,091990,셀트리온헬스케어,KOSDAQ,108,11,"의료, 제약 및 생물공학",도매,"126,658억원",126658
679,053110,소리바다,KOSDAQ,138,8,"광고, 디지털컨텐츠, 엔터테인먼트",디지털컨텐츠,196억원,196
680,032680,소프트센,KOSDAQ,58,0,"건설, 장비, 기기",도매,923억원,923
681,066910,손오공,KOSDAQ,136,8,"광고, 디지털컨텐츠, 엔터테인먼트",도매,636억원,636
682,043100,솔고바이오,KOSDAQ,56,11,"의료, 제약 및 생물공학","의료,정밀기기",684억원,684
683,154040,솔루에타,KOSDAQ,63,14,전자부품,IT부품,434억원,434
684,035610,솔본,KOSDAQ,53,16,IT서비스,전문기술,"1,594억원",1594
685,357780,솔브레인,KOSDAQ,67,12,반도체,화학,"21,757억원",21757
686,004430,송원산업,KOSPI,52,6,"화학, 섬유",화학,"4,812억원",4812
687,086980,쇼박스,KOSDAQ,67,8,"광고, 디지털컨텐츠, 엔터테인먼트","오락,문화","3,424억원",3424
688,050960,수산아이앤티,KOSDAQ,55,16,IT서비스,"출판,매체복제","1,009억원",1009
689,017550,수산중공업,KOSPI,126,13,기계장비,기계,"1,571억원",1571
690,058530,슈펙스비앤피,KOSDAQ,53,12,반도체,도매,212억원,212
691,236200,슈프리마,KOSDAQ,55,16,IT서비스,일반전기전자,"1,730억원",1730
692,094840,슈프리마에이치큐,KOSDAQ,69,16,IT서비스,컴퓨터서비스,733억원,733
693,192440,슈피겐코리아,KOSDAQ,68,1,전기전자,IT부품,"2,717억원",2717
694,099440,스맥,KOSDAQ,61,16,IT서비스,"기계,장비",552억원,552
695,033790,스카이문스테크놀로지,KOSDAQ,106,16,IT서비스,통신장비,142억원,142
696,159910,스킨앤스킨,KOSDAQ,54,17,섬유의복 및 유통,반도체,753억원,753
697,115570,스타플렉스,KOSDAQ,52,6,"화학, 섬유",화학,533억원,533
698,253450,스튜디오드래곤,KOSDAQ,73,8,"광고, 디지털컨텐츠, 엔터테인먼트","오락,문화","25,842억원",25842
699,013810,스페코,KOSDAQ,52,13,기계장비,"기계,장비",812억원,812
700,039670,스포츠서울,KOSDAQ,85,8,"광고, 디지털컨텐츠, 엔터테인먼트","출판,매체복제",678억원,678
701,049830,승일,KOSDAQ,53,6,"화학, 섬유",금속,895억원,895
702,020710,시공테크,KOSDAQ,63,15,건설,전문기술,"1,327억원",1327
703,033170,시그네틱스,KOSDAQ,138,12,반도체,반도체,"1,462억원",1462
704,048870,시너지이노베이션,KOSDAQ,86,11,"의료, 제약 및 생물공학","의료,정밀기기","3,830억원",3830
705,025320,시노펙스,KOSDAQ,50,6,"화학, 섬유",IT부품,"2,058억원",2058
706,134790,시디즈,KOSPI,81,17,섬유의복 및 유통,미분류,"1,234억원",1234
707,269620,시스웍,KOSDAQ,50,0,"건설, 장비, 기기","의료,정밀기기","1,210억원",1210
708,131090,시큐브,KOSDAQ,74,16,IT서비스,소프트웨어,571억원,571
709,016590,신대양제지,KOSPI,76,6,"화학, 섬유",종이목재,"3,264억원",3264
710,029530,신도리코,KOSPI,87,14,전자부품,전기전자,"3,372억원",3372
711,004970,신라교역,KOSPI,71,10,철강금속,미분류,"2,128억원",2128
712,001000,신라섬유,KOSDAQ,52,6,"화학, 섬유",소매,534억원,534
713,025870,신라에스지,KOSDAQ,74,2,"음식료품, 담배 및 기타화학",도매,474억원,474
714,215600,신라젠,KOSDAQ,72,11,"의료, 제약 및 생물공학","연구,개발","12,447억원",12447
715,065350,신성델타테크,KOSDAQ,64,1,전기전자,일반전기전자,"4,439억원",4439
716,011930,신성이엔지,KOSPI,51,12,반도체,전기전자,"4,224억원",4224
717,005390,신성통상,KOSPI,70,17,섬유의복 및 유통,유통업,"4,843억원",4843
718,034300,신세계건설,KOSPI,55,0,"건설, 장비, 기기",건설업,"1,322억원",1322
719,004170,신세계,KOSPI,103,17,섬유의복 및 유통,유통업,"24,465억원",24465
720,035510,신세계 I&C,KOSPI,131,16,IT서비스,서비스업,"3,139억원",3139
721,031430,신세계인터내셔날,KOSPI,66,17,섬유의복 및 유통,유통업,"10,639억원",10639
722,031440,신세계푸드,KOSPI,97,2,"음식료품, 담배 및 기타화학",서비스업,"3,323억원",3323
723,006880,신송홀딩스,KOSPI,87,2,"음식료품, 담배 및 기타화학",유통업,625억원,625
724,002800,신신제약,KOSDAQ,127,11,"의료, 제약 및 생물공학",제약,998억원,998
725,005800,신영와코루,KOSPI,66,17,섬유의복 및 유통,섬유의복,"1,053억원",1053
726,001720,신영증권,KOSPI,56,4,"은행, 증권 및 기타금융",증권,"5,538억원",5538
727,009270,신원,KOSPI,57,17,섬유의복 및 유통,섬유의복,"2,533억원",2533
728,017000,신원종합개발,KOSDAQ,75,15,건설,종합건설,"1,791억원",1791
729,012790,신일제약,KOSDAQ,62,11,"의료, 제약 및 생물공학",제약,"1,312억원",1312
730,138070,신진에스엠,KOSDAQ,52,7,운수장비,금속,570억원,570
731,019170,신풍제약,KOSPI,77,11,"의료, 제약 및 생물공학",의약품,"17,459억원",17459
732,002870,신풍제지,KOSPI,59,1,전기전자,종이목재,801억원,801
733,055550,신한지주,KOSPI,58,4,"은행, 증권 및 기타금융",기타금융업,"192,175억원",192175
734,056700,신화인터텍,KOSDAQ,60,1,전기전자,IT부품,867억원,867
735,187270,신화콘텍,KOSDAQ,64,14,전자부품,IT부품,435억원,435
736,004080,신흥,KOSPI,51,11,"의료, 제약 및 생물공학",유통업,"1,506억원",1506
737,243840,신흥에스이씨,KOSDAQ,52,12,반도체,IT부품,"4,518억원",4518
738,222800,심텍,KOSDAQ,55,12,반도체,반도체,"12,439억원",12439
739,036710,심텍홀딩스,KOSDAQ,53,14,전자부품,IT부품,"1,714억원",1714
740,160980,싸이맥스,KOSDAQ,68,12,반도체,반도체,"2,043억원",2043
741,102280,쌍방울,KOSPI,101,17,섬유의복 및 유통,섬유의복,"2,137억원",2137
742,003620,쌍용차,KOSPI,60,0,"건설, 장비, 기기",운수장비,"4,151억원",4151
743,010280,쌍용정보통신,KOSDAQ,66,16,IT서비스,컴퓨터서비스,574억원,574
744,004770,써니전자,KOSPI,125,14,전자부품,전기전자,"1,054억원",1054
745,208640,썸에이지,KOSDAQ,52,8,"광고, 디지털컨텐츠, 엔터테인먼트","출판,매체복제","3,164억원",3164
746,222420,쎄노텍,KOSDAQ,58,6,"화학, 섬유",비금속,713억원,713
747,037760,쎄니트,KOSDAQ,52,0,"건설, 장비, 기기",금속,692억원,692
748,099320,쎄트렉아이,KOSDAQ,54,5,"항공,운수 및 통신장비",통신장비,"4,098억원",4098
749,049960,쎌바이오텍,KOSDAQ,75,11,"의료, 제약 및 생물공학",제약,"1,800억원",1800
750,050890,쏠리드,KOSDAQ,55,1,전기전자,통신장비,"4,010억원",4010
751,066790,씨씨에스,KOSDAQ,70,8,"광고, 디지털컨텐츠, 엔터테인먼트",방송서비스,396억원,396
752,222080,씨아이에스,KOSDAQ,51,12,반도체,"기계,장비","8,509억원",8509
753,004920,씨아이테크,KOSPI,103,4,"은행, 증권 및 기타금융",미분류,577억원,577
754,023460,CNH,KOSDAQ,80,4,"은행, 증권 및 기타금융",금융,949억원,949
755,264660,씨앤지하이테크,KOSDAQ,50,12,반도체,반도체,"1,143억원",1143
756,065770,CS,KOSDAQ,58,14,전자부품,통신장비,654억원,654
757,083660,CSA 코스믹,KOSDAQ,58,17,섬유의복 및 유통,화학,620억원,620
758,112610,씨에스윈드,KOSPI,50,1,전기전자,기계,"25,387억원",25387
759,115530,씨엔플러스,KOSDAQ,53,14,전자부품,IT부품,570억원,570
760,225330,씨엠에스에듀,KOSDAQ,66,3,교육서비스 및 문구류,교육,"1,290억원",1290
761,115480,씨유메디칼,KOSDAQ,58,11,"의료, 제약 및 생물공학","의료,정밀기기",546억원,546
762,000120,CJ대한통운,KOSPI,54,8,"광고, 디지털컨텐츠, 엔터테인먼트",운수창고업,"29,998억원",29998
763,079160,CJ CGV,KOSPI,77,8,"광고, 디지털컨텐츠, 엔터테인먼트",서비스업,"9,183억원",9183
764,035760,CJ ENM,KOSDAQ,57,8,"광고, 디지털컨텐츠, 엔터테인먼트",방송서비스,"30,723억원",30723
765,097950,CJ제일제당,KOSPI,61,0,"건설, 장비, 기기",음식료품,"59,012억원",59012
766,051500,CJ프레시웨이,KOSDAQ,54,2,"음식료품, 담배 및 기타화학",도매,"3,508억원",3508
767,096530,씨젠,KOSDAQ,65,11,"의료, 제약 및 생물공학",제약,"35,566억원",35566
768,900120,씨케이에이치,KOSDAQ,53,2,"음식료품, 담배 및 기타화학",미분류,341억원,341
769,101240,씨큐브,KOSDAQ,51,6,"화학, 섬유",화학,699억원,699
770,060590,씨티씨바이오,KOSDAQ,102,2,"음식료품, 담배 및 기타화학",제약,"2,100억원",2100
771,013990,아가방컴퍼니,KOSDAQ,113,17,섬유의복 및 유통,도매,"1,743억원",1743
772,123860,아나패스,KOSDAQ,74,14,전자부품,반도체,"3,301억원",3301
773,025980,아난티,KOSDAQ,86,15,건설,"숙박,음식","8,694억원",8694
774,008700,아남전자,KOSPI,116,14,전자부품,전기전자,"1,836억원",1836
775,058220,아리온,KOSDAQ,55,8,"광고, 디지털컨텐츠, 엔터테인먼트",통신장비,107억원,107
776,002790,아모레G,KOSPI,65,17,섬유의복 및 유통,화학,"37,477억원",37477
777,090430,아모레퍼시픽,KOSPI,52,17,섬유의복 및 유통,화학,"106,164억원",106164
778,052710,아모텍,KOSDAQ,93,14,전자부품,IT부품,"2,436억원",2436
779,074430,아미노로직스,KOSDAQ,60,11,"의료, 제약 및 생물공학",도매,"1,994억원",1994
780,092040,아미코젠,KOSDAQ,52,2,"음식료품, 담배 및 기타화학","음식료,담배","5,837억원",5837
781,083930,아바코,KOSDAQ,89,12,반도체,"기계,장비","1,934억원",1934
782,149950,아바텍,KOSDAQ,52,12,반도체,IT부품,"2,950억원",2950
783,036010,아비코전자,KOSDAQ,114,14,전자부품,일반전기전자,"1,329억원",1329
784,002030,아세아,KOSPI,54,15,건설,서비스업,"2,761억원",2761
785,183190,아세아시멘트,KOSPI,50,15,건설,비금속광물,"5,045억원",5045
786,002310,아세아제지,KOSPI,51,6,"화학, 섬유",종이목재,"4,402억원",4402
787,050860,아세아텍,KOSDAQ,58,2,"음식료품, 담배 및 기타화학","기계,장비",627억원,627
788,246720,아스타,KOSDAQ,58,11,"의료, 제약 및 생물공학",제약,573억원,573
789,067390,아스트,KOSDAQ,69,13,기계장비,"운송장비,부품","1,442억원",1442
790,127710,아시아경제,KOSDAQ,65,8,"광고, 디지털컨텐츠, 엔터테인먼트",디지털컨텐츠,"1,033억원",1033
791,020560,아시아나항공,KOSPI,64,5,"항공,운수 및 통신장비",운수창고업,"14,622억원",14622
792,227610,아우딘퓨쳐스,KOSDAQ,67,17,섬유의복 및 유통,화학,288억원,288
793,143160,아이디스,KOSDAQ,72,16,IT서비스,통신장비,"2,486억원",2486
794,054800,아이디스홀딩스,KOSDAQ,53,14,전자부품,기타서비스,"1,345억원",1345
795,122900,아이마켓코리아,KOSPI,51,11,"의료, 제약 및 생물공학",유통업,"3,644억원",3644
796,099190,아이센스,KOSDAQ,52,11,"의료, 제약 및 생물공학","의료,정밀기기","4,101억원",4101
797,214430,아이쓰리시스템,KOSDAQ,50,11,"의료, 제약 및 생물공학",일반전기전자,"1,333억원",1333
798,040910,아이씨디,KOSDAQ,96,12,반도체,반도체,"2,132억원",2132
799,068940,아이씨케이,KOSDAQ,58,16,IT서비스,정보기기,994억원,994
800,052860,아이앤씨,KOSDAQ,57,1,전기전자,반도체,664억원,664
801,010780,아이에스동서,KOSPI,62,15,건설,비금속광물,"13,546억원",13546
802,095340,ISC,KOSDAQ,83,12,반도체,반도체,"5,030억원",5030
803,069920,아이에스이커머스,KOSDAQ,108,8,"광고, 디지털컨텐츠, 엔터테인먼트",소매,825억원,825
804,038880,아이에이,KOSDAQ,53,14,전자부품,반도체,"3,066억원",3066
805,101390,아이엠,KOSDAQ,88,14,전자부품,IT부품,429억원,429
806,052220,iMBC,KOSDAQ,95,8,"광고, 디지털컨텐츠, 엔터테인먼트",디지털컨텐츠,"1,118억원",1118
807,078860,아이오케이,KOSDAQ,71,8,"광고, 디지털컨텐츠, 엔터테인먼트","오락,문화","1,266억원",1266
808,114810,아이원스,KOSDAQ,73,12,반도체,IT부품,"2,844억원",2844
809,031310,아이즈비전,KOSDAQ,64,0,"건설, 장비, 기기",통신장비,686억원,686
810,185490,아이진,KOSDAQ,79,11,"의료, 제약 및 생물공학","연구,개발","4,946억원",4946
811,059100,아이컴포넌트,KOSDAQ,70,6,"화학, 섬유",IT부품,491억원,491
812,175250,아이큐어,KOSDAQ,75,0,"건설, 장비, 기기",제약,"1,989억원",1989
813,052460,아이크래프트,KOSDAQ,97,16,IT서비스,컴퓨터서비스,699억원,699
814,124500,아이티센,KOSDAQ,73,16,IT서비스,컴퓨터서비스,"1,003억원",1003
815,032080,아즈텍WB,KOSDAQ,135,6,"화학, 섬유","섬유,의류",842억원,842
816,013310,아진산업,KOSDAQ,110,7,운수장비,"운송장비,부품","1,217억원",1217
817,059120,아진엑스텍,KOSDAQ,50,0,"건설, 장비, 기기",반도체,"1,014억원",1014
818,067160,아프리카TV,KOSDAQ,108,8,"광고, 디지털컨텐츠, 엔터테인먼트",소프트웨어,"23,150억원",23150
819,001540,안국약품,KOSDAQ,86,11,"의료, 제약 및 생물공학",제약,"1,317억원",1317
820,053800,안랩,KOSDAQ,51,16,IT서비스,소프트웨어,"6,789억원",6789
821,065660,안트로젠,KOSDAQ,72,11,"의료, 제약 및 생물공학",도매,"5,663억원",5663
822,001780,알루코,KOSPI,62,10,철강금속,철강금속,"3,066억원",3066
823,260660,알리코제약,KOSDAQ,101,11,"의료, 제약 및 생물공학",제약,"1,113억원",1113
824,131370,알서포트,KOSDAQ,81,16,IT서비스,디지털컨텐츠,"4,885억원",4885
825,140670,알에스오토메이션,KOSDAQ,50,0,"건설, 장비, 기기",IT부품,"1,061억원",1061
826,096610,알에프세미,KOSDAQ,61,14,전자부품,반도체,503억원,503
827,218410,RFHIC,KOSDAQ,52,5,"항공,운수 및 통신장비",일반전기전자,"9,420억원",9420
828,061040,알에프텍,KOSDAQ,79,14,전자부품,통신장비,"1,819억원",1819
829,148250,알엔투테크놀로지,KOSDAQ,61,12,반도체,정보기기,"1,219억원",1219
830,196170,알테오젠,KOSDAQ,79,11,"의료, 제약 및 생물공학","연구,개발","35,713억원",35713
831,123750,알톤스포츠,KOSDAQ,85,17,섬유의복 및 유통,"운송장비,부품",530억원,530
832,085810,알티캐스트,KOSDAQ,60,8,"광고, 디지털컨텐츠, 엔터테인먼트",소프트웨어,678억원,678
833,117670,알파홀딩스,KOSDAQ,59,14,전자부품,반도체,654억원,654
834,018250,애경산업,KOSPI,51,17,섬유의복 및 유통,화학,"5,044억원",5044
835,196300,애니젠,KOSDAQ,66,11,"의료, 제약 및 생물공학",제약,894억원,894
836,205500,액션스퀘어,KOSDAQ,56,8,"광고, 디지털컨텐츠, 엔터테인먼트",디지털컨텐츠,"2,707억원",2707
837,052790,액토즈소프트,KOSDAQ,53,8,"광고, 디지털컨텐츠, 엔터테인먼트",디지털컨텐츠,"1,496억원",1496
838,290740,액트로,KOSDAQ,53,14,전자부품,IT부품,842억원,842
839,238090,앤디포스,KOSDAQ,59,0,"건설, 장비, 기기",비금속,"2,077억원",2077
840,174900,앱클론,KOSDAQ,73,11,"의료, 제약 및 생물공학",제약,"3,208억원",3208
841,255440,야스,KOSDAQ,98,12,반도체,IT부품,"1,893억원",1893
842,030960,양지사,KOSDAQ,87,3,교육서비스 및 문구류,"출판,매체복제","1,483억원",1483
843,102120,어보브반도체,KOSDAQ,61,14,전자부품,반도체,"2,217억원",2217
844,019990,에너토크,KOSDAQ,90,13,기계장비,"기계,장비","1,010억원",1010
845,011090,에넥스,KOSPI,126,0,"건설, 장비, 기기",미분류,"1,596억원",1596
846,038680,에스넷,KOSDAQ,100,16,IT서비스,컴퓨터서비스,"1,120억원",1120
847,217480,에스디생명공학,KOSDAQ,70,17,섬유의복 및 유통,화학,737억원,737
848,121890,에스디시스템,KOSDAQ,99,16,IT서비스,정보기기,71억원,71
849,099220,SDN,KOSDAQ,83,13,기계장비,도매,"1,010억원",1010
850,097780,에스맥,KOSDAQ,57,14,전자부품,IT부품,"2,773억원",2773
851,019550,SBI인베스트먼트,KOSDAQ,68,4,"은행, 증권 및 기타금융",금융,"2,690억원",2690
852,034120,SBS,KOSPI,61,8,"광고, 디지털컨텐츠, 엔터테인먼트",서비스업,"8,579억원",8579
853,046140,SBS콘텐츠허브,KOSDAQ,71,8,"광고, 디지털컨텐츠, 엔터테인먼트","오락,문화","1,766억원",1766
854,042110,에스씨디,KOSDAQ,97,14,전자부품,일반전기전자,841억원,841
855,036120,SCI평가정보,KOSDAQ,96,4,"은행, 증권 및 기타금융",사업지원,"1,163억원",1163
856,065420,에스아이리소스,KOSDAQ,87,13,기계장비,연료광업,435억원,435
857,103230,에스앤더블류,KOSDAQ,59,13,기계장비,"기계,장비",180억원,180
858,101490,에스앤에스텍,KOSDAQ,76,12,반도체,반도체,"7,304억원",7304
859,095910,에스에너지,KOSDAQ,60,13,기계장비,IT부품,812억원,812
860,275630,에스에스알,KOSDAQ,59,16,IT서비스,소프트웨어,377억원,377
861,031330,에스에이엠티,KOSDAQ,110,14,전자부품,도매,"4,335억원",4335
862,060540,에스에이티,KOSDAQ,57,15,건설,통신장비,751억원,751
863,056190,에스에프에이,KOSDAQ,50,12,반도체,"기계,장비","13,035억원",13035
864,036540,SFA반도체,KOSDAQ,96,12,반도체,반도체,"11,611억원",11611
865,080000,에스엔유,KOSDAQ,94,12,반도체,"기계,장비","1,188억원",1188
866,091340,S&K폴리텍,KOSDAQ,54,6,"화학, 섬유",IT부품,659억원,659
867,005850,에스엘,KOSPI,103,7,운수장비,운수장비,"14,389억원",14389
868,063440,SM Life Design,KOSDAQ,75,8,"광고, 디지털컨텐츠, 엔터테인먼트","출판,매체복제","1,224억원",1224
869,041510,에스엠,KOSDAQ,106,8,"광고, 디지털컨텐츠, 엔터테인먼트","오락,문화","17,450억원",17450
870,048550,SM C&C,KOSDAQ,129,8,"광고, 디지털컨텐츠, 엔터테인먼트",방송서비스,"3,534억원",3534
871,007820,에스엠코어,KOSDAQ,102,7,운수장비,"기계,장비","1,402억원",1402
872,012750,에스원,KOSPI,56,16,IT서비스,서비스업,"28,879억원",28879
873,004060,SG세계물산,KOSPI,61,17,섬유의복 및 유통,유통업,"1,379억원",1379
874,049470,SGA,KOSDAQ,78,16,IT서비스,소프트웨어,544억원,544
875,184230,SGA솔루션즈,KOSDAQ,89,16,IT서비스,소프트웨어,575억원,575
876,040610,SG&G,KOSDAQ,76,0,"건설, 장비, 기기","운송장비,부품",770억원,770
877,255220,SG,KOSDAQ,52,15,건설,비금속,808억원,808
878,036490,SK머티리얼즈,KOSDAQ,51,12,반도체,반도체,"42,497억원",42497
879,006120,SK디스커버리,KOSPI,56,13,기계장비,기타금융업,"8,976억원",8976
880,000660,SK하이닉스,KOSPI,59,14,전자부품,전기전자,"880,883억원",880883
881,096630,에스코넥,KOSDAQ,56,3,교육서비스 및 문구류,IT부품,"1,191억원",1191
882,069510,에스텍,KOSDAQ,94,14,전자부품,일반전기전자,"1,020억원",1020
883,041910,에스텍파마,KOSDAQ,64,11,"의료, 제약 및 생물공학",제약,"1,121억원",1121
884,234300,에스트래픽,KOSDAQ,52,15,건설,소프트웨어,"1,104억원",1104
885,039440,에스티아이,KOSDAQ,92,12,반도체,반도체,"3,008억원",3008
886,098660,에스티오,KOSDAQ,72,17,섬유의복 및 유통,"섬유,의류",303억원,303
887,052020,에스티큐브,KOSDAQ,80,11,"의료, 제약 및 생물공학",IT부품,"2,688억원",2688
888,237690,에스티팜,KOSDAQ,82,11,"의료, 제약 및 생물공학",제약,"24,048억원",24048
889,050760,에스폴리텍,KOSDAQ,73,0,"건설, 장비, 기기",화학,620억원,620
890,058610,에스피지,KOSDAQ,74,7,운수장비,IT부품,"2,373억원",2373
891,043340,에쎈테크,KOSDAQ,104,10,철강금속,"기계,장비",724억원,724
892,023960,에쓰씨엔지니어링,KOSPI,68,0,"건설, 장비, 기기",건설업,911억원,911
893,054630,에이디칩스,KOSDAQ,55,14,전자부품,기타제조,640억원,640
894,200710,에이디테크놀로지,KOSDAQ,85,12,반도체,반도체,"2,786억원",2786
895,078520,에이블씨엔씨,KOSPI,73,17,섬유의복 및 유통,화학,"1,703억원",1703
896,003800,에이스침대,KOSDAQ,95,1,전기전자,기타제조,"4,564억원",4564
897,088800,에이스테크,KOSDAQ,53,5,"항공,운수 및 통신장비",통신장비,"6,362억원",6362
898,015260,에이엔피,KOSPI,76,7,운수장비,전기전자,458억원,458
899,039570,HDC아이콘트롤스,KOSPI,57,15,건설,건설업,"2,025억원",2025
900,089470,HDC현대EP,KOSPI,77,6,"화학, 섬유",화학,"1,831억원",1831
901,078150,HB테크놀러지,KOSDAQ,55,12,반도체,"기계,장비","2,030억원",2030
902,072990,에이치시티,KOSDAQ,50,7,운수장비,전문기술,"1,095억원",1095
903,036640,HRS,KOSDAQ,74,0,"건설, 장비, 기기",화학,"1,164억원",1164
904,082740,HSD엔진,KOSPI,53,13,기계장비,기계,"3,906억원",3906
905,176440,에이치엔티,KOSDAQ,150,14,전자부품,IT부품,"1,646억원",1646
906,028300,에이치엘비,KOSDAQ,56,11,"의료, 제약 및 생물공학","운송장비,부품","37,207억원",37207
907,067630,에이치엘비생명과학,KOSDAQ,55,11,"의료, 제약 및 생물공학",전문기술,"11,460억원",11460
908,043220,에이치엘비파워,KOSDAQ,52,13,기계장비,"기계,장비","1,499억원",1499
909,239610,에이치엘사이언스,KOSDAQ,57,11,"의료, 제약 및 생물공학","음식료,담배","1,901억원",1901
910,044780,에이치케이,KOSDAQ,53,7,운수장비,"기계,장비",418억원,418
911,071670,에이테크솔루션,KOSDAQ,121,7,운수장비,"기계,장비","1,540억원",1540
912,045660,에이텍,KOSDAQ,55,16,IT서비스,정보기기,"1,867억원",1867
913,224110,에이텍티앤,KOSDAQ,56,16,IT서비스,정보기기,"1,159억원",1159
914,021080,에이티넘인베스트,KOSDAQ,59,4,"은행, 증권 및 기타금융",금융,"2,573억원",2573
915,089530,에이티세미콘,KOSDAQ,81,12,반도체,반도체,460억원,460
916,003060,에이프로젠제약,KOSPI,55,11,"의료, 제약 및 생물공학",의약품,"3,511억원",3511
917,109960,에이프로젠 H&G,KOSDAQ,106,8,"광고, 디지털컨텐츠, 엔터테인먼트",도매,"1,251억원",1251
918,265520,AP시스템,KOSDAQ,103,12,반도체,반도체,"3,675억원",3675
919,054620,APS홀딩스,KOSDAQ,67,12,반도체,금융,"2,570억원",2570
920,211270,AP위성,KOSDAQ,53,5,"항공,운수 및 통신장비",통신장비,"1,840억원",1840
921,089970,에이피티씨,KOSDAQ,108,12,반도체,"기계,장비","4,005억원",4005
922,064510,에코마이스터,KOSDAQ,50,15,건설,"기계,장비",278억원,278
923,230360,에코마케팅,KOSDAQ,50,8,"광고, 디지털컨텐츠, 엔터테인먼트",전문기술,"5,548억원",5548
924,038870,에코바이오,KOSDAQ,52,13,기계장비,사업지원,834억원,834
925,086520,에코프로,KOSDAQ,58,0,"건설, 장비, 기기",IT부품,"26,493억원",26493
926,038110,에코플라스틱,KOSDAQ,62,7,운수장비,"운송장비,부품",923억원,923
927,073540,에프알텍,KOSDAQ,53,1,전기전자,통신장비,410억원,410
928,064090,에프앤리퍼블릭,KOSDAQ,67,17,섬유의복 및 유통,도매,260억원,260
929,036810,에프에스티,KOSDAQ,113,12,반도체,반도체,"5,450억원",5450
930,173940,에프엔씨엔터,KOSDAQ,84,8,"광고, 디지털컨텐츠, 엔터테인먼트","오락,문화","1,151억원",1151
931,083500,에프엔에스테크,KOSDAQ,61,12,반도체,"기계,장비",990억원,990
932,054940,엑사이엔씨,KOSDAQ,70,14,전자부품,전문건설,445억원,445
933,950130,엑세스바이오,KOSDAQ,50,11,"의료, 제약 및 생물공학",미분류,"5,992억원",5992
934,205100,엑셈,KOSDAQ,63,16,IT서비스,소프트웨어,"1,498억원",1498
935,092870,엑시콘,KOSDAQ,59,12,반도체,반도체,"1,383억원",1383
936,067570,엔브이에이치코리아,KOSDAQ,53,7,운수장비,"운송장비,부품","1,413억원",1413
937,101400,엔시트론,KOSDAQ,56,1,전기전자,반도체,381억원,381
938,036570,엔씨소프트,KOSPI,60,8,"광고, 디지털컨텐츠, 엔터테인먼트",서비스업,"153,020억원",153020
939,217820,엔에스,KOSDAQ,51,12,반도체,"기계,장비","1,088억원",1088
940,138250,엔에스쇼핑,KOSPI,51,2,"음식료품, 담배 및 기타화학",유통업,"4,279억원",4279
941,031860,엔에스엔,KOSDAQ,51,0,"건설, 장비, 기기",도매,643억원,643
942,104200,NHN벅스,KOSDAQ,70,8,"광고, 디지털컨텐츠, 엔터테인먼트",디지털컨텐츠,"3,307억원",3307
943,060250,NHN한국사이버결제,KOSDAQ,51,0,"건설, 장비, 기기",소프트웨어,"8,135억원",8135
944,005940,NH투자증권,KOSPI,58,4,"은행, 증권 및 기타금융",증권,"39,654억원",39654
945,053290,NE능률,KOSDAQ,55,3,교육서비스 및 문구류,"출판,매체복제","2,024억원",2024
946,208860,엔지스테크널러지,KOSDAQ,71,16,IT서비스,소프트웨어,252억원,252
947,183490,엔지켐생명과학,KOSDAQ,105,11,"의료, 제약 및 생물공학",제약,"5,040억원",5040
948,085310,엔케이,KOSPI,73,13,기계장비,기계,812억원,812
949,069410,엔텔스,KOSDAQ,50,16,IT서비스,소프트웨어,"1,004억원",1004
950,048830,엔피케이,KOSDAQ,123,6,"화학, 섬유",화학,368억원,368
951,096870,엘디티,KOSDAQ,85,14,전자부품,반도체,327억원,327
952,900140,엘브이엠씨홀딩스,KOSPI,68,0,"건설, 장비, 기기",미분류,"3,556억원",3556
953,061970,엘비세미콘,KOSDAQ,129,12,반도체,반도체,"5,714억원",5714
954,138690,엘아이에스,KOSDAQ,54,1,전기전자,반도체,812억원,812
955,066970,엘앤에프,KOSDAQ,86,1,전기전자,IT부품,"69,516억원",69516
956,156100,엘앤케이바이오,KOSDAQ,50,11,"의료, 제약 및 생물공학","의료,정밀기기","1,373억원",1373
957,229640,LS전선아시아,KOSPI,51,10,철강금속,기타금융업,"2,481억원",2481
958,073110,엘엠에스,KOSDAQ,81,14,전자부품,IT부품,800억원,800
959,083310,엘오티베큠,KOSDAQ,79,12,반도체,반도체,"2,761억원",2761
960,037950,엘컴텍,KOSDAQ,105,14,전자부품,IT부품,"1,051억원",1051
961,170920,엘티씨,KOSDAQ,73,12,반도체,반도체,800억원,800
962,058630,엠게임,KOSDAQ,58,8,"광고, 디지털컨텐츠, 엔터테인먼트",디지털컨텐츠,"2,160억원",2160
963,019590,엠벤처투자,KOSDAQ,63,4,"은행, 증권 및 기타금융",금융,"1,444억원",1444
964,097520,엠씨넥스,KOSPI,51,14,전자부품,전기전자,"9,110억원",9110
965,009780,엠에스씨,KOSDAQ,66,2,"음식료품, 담배 및 기타화학","음식료,담배",996억원,996
966,123040,엠에스오토텍,KOSDAQ,100,7,운수장비,"운송장비,부품","1,997억원",1997
967,033160,엠케이전자,KOSDAQ,65,12,반도체,반도체,"4,002억원",4002
968,259630,엠플러스,KOSDAQ,62,12,반도체,"기계,장비","1,809억원",1809
969,115960,연우,KOSDAQ,52,17,섬유의복 및 유통,화학,"2,752억원",2752
970,014440,영보화학,KOSPI,53,0,"건설, 장비, 기기",화학,910억원,910
971,007530,영신금속,KOSDAQ,55,7,운수장비,금속,599억원,599
972,143540,영우디에스피,KOSDAQ,78,12,반도체,반도체,939억원,939
973,111770,영원무역,KOSPI,96,17,섬유의복 및 유통,유통업,"19,497억원",19497
974,009970,영원무역홀딩스,KOSPI,73,1,전기전자,기타금융업,"6,620억원",6620
975,003520,영진약품,KOSPI,96,11,"의료, 제약 및 생물공학",의약품,"9,474억원",9474
976,000670,영풍,KOSPI,78,10,철강금속,철강금속,"12,157억원",12157
977,036560,영풍정밀,KOSDAQ,79,13,기계장비,"기계,장비","1,449억원",1449
978,006740,영풍제지,KOSPI,56,1,전기전자,종이목재,"1,596억원",1596
979,012280,영화금속,KOSPI,164,10,철강금속,운수장비,817억원,817
980,265560,영화테크,KOSDAQ,56,7,운수장비,"운송장비,부품","1,737억원",1737
981,036000,예림당,KOSDAQ,50,0,"건설, 장비, 기기","출판,매체복제",494억원,494
982,053280,예스24,KOSDAQ,92,8,"광고, 디지털컨텐츠, 엔터테인먼트",인터넷,"2,235억원",2235
983,015360,예스코홀딩스,KOSPI,54,0,"건설, 장비, 기기",기타금융업,"2,229억원",2229
984,122640,예스티,KOSDAQ,83,12,반도체,반도체,"2,161억원",2161
985,900300,오가닉티코스메틱,KOSDAQ,55,0,"건설, 장비, 기기",미분류,736억원,736
986,045060,오공,KOSDAQ,54,6,"화학, 섬유",화학,689억원,689
987,080520,오디텍,KOSDAQ,64,0,"건설, 장비, 기기",반도체,742억원,742
988,007310,오뚜기,KOSPI,90,2,"음식료품, 담배 및 기타화학",음식료품,"17,148억원",17148
989,039830,오로라,KOSDAQ,51,0,"건설, 장비, 기기",전문기술,"1,027억원",1027
990,046120,오르비텍,KOSDAQ,51,13,기계장비,전문기술,"1,526억원",1526
991,014940,오리엔탈정공,KOSDAQ,54,13,기계장비,"기계,장비","1,666억원",1666
992,002630,오리엔트바이오,KOSPI,57,11,"의료, 제약 및 생물공학",의약품,"1,470억원",1470
993,065500,오리엔트정공,KOSDAQ,51,0,"건설, 장비, 기기","운송장비,부품",669억원,669
994,271560,오리온,KOSPI,67,2,"음식료품, 담배 및 기타화학",음식료품,"42,501억원",42501
995,001800,오리온홀딩스,KOSPI,53,8,"광고, 디지털컨텐츠, 엔터테인먼트",기타금융업,"10,023억원",10023
996,010470,오리콤,KOSDAQ,59,8,"광고, 디지털컨텐츠, 엔터테인먼트",전문기술,760억원,760
997,053980,오상자이엘,KOSDAQ,73,2,"음식료품, 담배 및 기타화학",컴퓨터서비스,"1,384억원",1384
998,052420,오성첨단소재,KOSDAQ,58,1,전기전자,IT부품,"1,772억원",1772
999,241790,오션브릿지,KOSDAQ,51,12,반도체,반도체,"1,505억원",1505
1000,039200,오스코텍,KOSDAQ,63,11,"의료, 제약 및 생물공학",제약,"11,509억원",11509
1001,031510,오스템,KOSDAQ,150,7,운수장비,"운송장비,부품",643억원,643
1002,048260,오스템임플란트,KOSDAQ,50,11,"의료, 제약 및 생물공학","의료,정밀기기","18,529억원",18529
1003,138080,오이솔루션,KOSDAQ,80,5,"항공,운수 및 통신장비",통신장비,"3,633억원",3633
1004,080580,오킨스전자,KOSDAQ,87,12,반도체,반도체,"4,013억원",4013
1005,067170,오텍,KOSDAQ,50,7,운수장비,"운송장비,부품","1,747억원",1747
1006,173130,오파스넷,KOSDAQ,62,16,IT서비스,소프트웨어,461억원,461
1007,049480,오픈베이스,KOSDAQ,85,16,IT서비스,컴퓨터서비스,"1,200억원",1200
1008,226950,올릭스,KOSDAQ,70,11,"의료, 제약 및 생물공학","연구,개발","5,865억원",5865
1009,057540,옴니시스템,KOSDAQ,51,16,IT서비스,"의료,정밀기기","1,247억원",1247
1010,082210,옵트론텍,KOSDAQ,78,14,전자부품,IT부품,"1,941억원",1941
1011,109080,옵티시스,KOSDAQ,52,5,"항공,운수 및 통신장비",통신장비,"1,105억원",1105
1012,051390,YW,KOSDAQ,54,4,"은행, 증권 및 기타금융",도매,485억원,485
1013,122990,와이솔,KOSDAQ,84,14,전자부품,반도체,"3,016억원",3016
1014,232140,와이아이케이,KOSDAQ,91,12,반도체,반도체,"4,685억원",4685
1015,067900,와이엔텍,KOSDAQ,51,15,건설,환경,"1,993억원",1993
1016,155650,와이엠씨,KOSDAQ,76,12,반도체,IT부품,"1,486억원",1486
1017,251370,와이엠티,KOSDAQ,51,12,반도체,화학,"3,051억원",3051
1018,066430,와이오엠,KOSDAQ,80,6,"화학, 섬유",도매,343억원,343
1019,193250,와이제이엠게임즈,KOSDAQ,50,8,"광고, 디지털컨텐츠, 엔터테인먼트",IT부품,"1,807억원",1807
1020,019210,와이지-원,KOSDAQ,54,10,철강금속,금속,"2,293억원",2293
1021,122870,와이지엔터테인먼트,KOSDAQ,106,8,"광고, 디지털컨텐츠, 엔터테인먼트","오락,문화","9,903억원",9903
1022,037270,YG PLUS,KOSPI,75,8,"광고, 디지털컨텐츠, 엔터테인먼트",서비스업,"5,138억원",5138
1023,040300,YTN,KOSDAQ,54,8,"광고, 디지털컨텐츠, 엔터테인먼트",방송서비스,"1,289억원",1289
1024,079000,와토스코리아,KOSDAQ,50,15,건설,화학,438억원,438
1025,032820,우리기술,KOSDAQ,51,1,전기전자,일반전기전자,"2,403억원",2403
1026,041190,우리기술투자,KOSDAQ,69,4,"은행, 증권 및 기타금융",금융,"7,862억원",7862
1027,115440,우리넷,KOSDAQ,59,16,IT서비스,통신장비,744억원,744
1028,118000,우리들휴브레인,KOSPI,60,3,교육서비스 및 문구류,유통업,"1,256억원",1256
1029,046970,우리로,KOSDAQ,75,5,"항공,운수 및 통신장비",도매,612억원,612
1030,215360,우리산업,KOSDAQ,50,7,운수장비,"운송장비,부품","1,890억원",1890
1031,072470,우리산업홀딩스,KOSDAQ,62,7,운수장비,"운송장비,부품","1,158억원",1158
1032,073560,우리손에프앤지,KOSDAQ,54,2,"음식료품, 담배 및 기타화학","음식료,담배","1,489억원",1489
1033,153490,우리이앤엘,KOSDAQ,158,14,전자부품,반도체,837억원,837
1034,037400,우리조명,KOSDAQ,58,14,전자부품,도매,704억원,704
1035,010050,우리종금,KOSPI,70,4,"은행, 증권 및 기타금융",기타금융업,"7,912억원",7912
1036,066590,우수AMS,KOSDAQ,133,7,운수장비,"운송장비,부품","1,451억원",1451
1037,017370,우신시스템,KOSPI,66,7,운수장비,기계,822억원,822
1038,046940,우원개발,KOSDAQ,103,15,건설,전문건설,922억원,922
1039,215380,우정바이오,KOSDAQ,73,0,"건설, 장비, 기기","연구,개발",863억원,863
1040,065680,우주일렉트로,KOSDAQ,96,14,전자부품,IT부품,"2,906억원",2906
1041,105840,우진,KOSPI,52,0,"건설, 장비, 기기",의료정밀,"1,640억원",1640
1042,018620,우진비앤지,KOSDAQ,65,2,"음식료품, 담배 및 기타화학",제약,604억원,604
1043,049800,우진플라임,KOSPI,65,7,운수장비,기계,901억원,901
1044,016880,웅진,KOSPI,52,3,교육서비스 및 문구류,기타금융업,"1,499억원",1499
1045,095720,웅진씽크빅,KOSPI,58,3,교육서비스 및 문구류,서비스업,"3,667억원",3667
1046,005820,원림,KOSPI,55,6,"화학, 섬유",섬유의복,435억원,435
1047,032940,원익,KOSDAQ,57,11,"의료, 제약 및 생물공학",도매,777억원,777
1048,104830,원익머트리얼즈,KOSDAQ,80,12,반도체,반도체,"4,375억원",4375
1049,240810,원익IPS,KOSDAQ,68,12,반도체,반도체,"20,272억원",20272
1050,014190,원익큐브,KOSDAQ,91,6,"화학, 섬유",도매,"1,175억원",1175
1051,074600,원익QnC,KOSDAQ,67,12,반도체,비금속,"7,518억원",7518
1052,030530,원익홀딩스,KOSDAQ,79,12,반도체,"기계,장비","3,707억원",3707
1053,012620,원일특강,KOSDAQ,67,10,철강금속,금속,607억원,607
1054,008370,원풍,KOSDAQ,76,6,"화학, 섬유",화학,613억원,613
1055,008290,원풍물산,KOSDAQ,50,11,"의료, 제약 및 생물공학","섬유,의류",572억원,572
1056,101160,월덱스,KOSDAQ,79,12,반도체,반도체,"4,640억원",4640
1057,095270,웨이브일렉트로,KOSDAQ,50,12,반도체,IT부품,814억원,814
1058,010600,웰바이오텍,KOSPI,58,6,"화학, 섬유",유통업,968억원,968
1059,065950,웰크론,KOSDAQ,58,13,기계장비,"섬유,의류","1,218억원",1218
1060,076080,웰크론한텍,KOSDAQ,51,0,"건설, 장비, 기기",종합건설,883억원,883
1061,196700,웹스,KOSDAQ,52,0,"건설, 장비, 기기",화학,734억원,734
1062,069080,웹젠,KOSDAQ,59,8,"광고, 디지털컨텐츠, 엔터테인먼트",디지털컨텐츠,"9,181억원",9181
1063,044340,위닉스,KOSDAQ,59,9,"가전, 전자장비, 기타 부품 및 제품",일반전기전자,"3,593억원",3593
1064,112040,위메이드,KOSDAQ,55,8,"광고, 디지털컨텐츠, 엔터테인먼트",디지털컨텐츠,"52,882억원",52882
1065,038620,위즈코프,KOSDAQ,80,16,IT서비스,소매,"1,694억원",1694
1066,036090,위지트,KOSDAQ,75,12,반도체,"기계,장비","1,516억원",1516
1067,136540,윈스,KOSDAQ,82,16,IT서비스,소프트웨어,"2,064억원",2064
1068,097800,윈팩,KOSDAQ,52,0,"건설, 장비, 기기",반도체,961억원,961
1069,192390,윈하이텍,KOSDAQ,60,15,건설,금속,412억원,412
1070,008600,윌비스,KOSPI,85,3,교육서비스 및 문구류,유통업,"1,105억원",1105
1071,014830,유니드,KOSPI,75,6,"화학, 섬유",화학,"9,157억원",9157
1072,036200,유니셈,KOSDAQ,52,12,반도체,반도체,"4,201억원",4201
1073,018000,유니슨,KOSDAQ,81,13,기계장비,"기계,장비","3,506억원",3506
1074,047400,유니온머티리얼,KOSPI,52,7,운수장비,비금속광물,"1,260억원",1260
1075,000910,유니온,KOSPI,55,15,건설,비금속광물,"1,141억원",1141
1076,203450,유니온커뮤니티,KOSDAQ,66,16,IT서비스,일반전기전자,568억원,568
1077,011330,유니켐,KOSPI,56,6,"화학, 섬유",미분류,920억원,920
1078,077500,유니퀘스트,KOSPI,107,14,전자부품,유통업,"3,021억원",3021
1079,011320,유니크,KOSDAQ,131,7,운수장비,"운송장비,부품","1,250억원",1250
1080,086390,유니테스트,KOSDAQ,86,12,반도체,반도체,"6,097억원",6097
1081,241690,유니테크노,KOSDAQ,102,7,운수장비,"운송장비,부품","2,171억원",2171
1082,142210,유니트론텍,KOSDAQ,70,14,전자부품,자동차판매,755억원,755
1083,048430,유라테크,KOSDAQ,81,1,전기전자,일반전기전자,"1,210억원",1210
1084,206650,유바이오로직스,KOSDAQ,50,11,"의료, 제약 및 생물공학",제약,"13,821억원",13821
1085,089850,유비벨록스,KOSDAQ,51,0,"건설, 장비, 기기",소프트웨어,"1,210억원",1210
1086,032620,유비케어,KOSDAQ,51,11,"의료, 제약 및 생물공학",소프트웨어,"4,181억원",4181
1087,264450,유비쿼스,KOSDAQ,58,16,IT서비스,통신장비,"2,310억원",2310
1088,078070,유비쿼스홀딩스,KOSDAQ,53,0,"건설, 장비, 기기",일반전기전자,"3,113억원",3113
1089,002920,유성기업,KOSPI,111,7,운수장비,운수장비,810억원,810
1090,024800,유성티엔에스,KOSDAQ,55,10,철강금속,육상운송,954억원,954
1091,000700,유수홀딩스,KOSPI,64,5,"항공,운수 및 통신장비",서비스업,"1,768억원",1768
1092,054930,유신,KOSDAQ,94,15,건설,전문기술,531억원,531
1093,038340,UCI,KOSDAQ,53,3,교육서비스 및 문구류,교육,166억원,166
1094,069330,유아이디,KOSDAQ,131,12,반도체,IT부품,358억원,358
1095,049520,유아이엘,KOSDAQ,63,14,전자부품,IT부품,584억원,584
1096,003470,유안타증권,KOSPI,51,4,"은행, 증권 및 기타금융",증권,"8,193억원",8193
1097,056090,유앤아이,KOSDAQ,50,11,"의료, 제약 및 생물공학","의료,정밀기기",433억원,433
1098,263770,유에스티,KOSDAQ,84,10,철강금속,금속,"1,004억원",1004
1099,072130,유엔젤,KOSPI,62,3,교육서비스 및 문구류,서비스업,682억원,682
1100,000220,유유제약,KOSPI,162,11,"의료, 제약 및 생물공학",의약품,"1,368억원",1368
1101,023410,유진기업,KOSDAQ,65,0,"건설, 장비, 기기",비금속,"3,753억원",3753
1102,056080,유진로봇,KOSDAQ,60,3,교육서비스 및 문구류,"기계,장비","1,688억원",1688
1103,084370,유진테크,KOSDAQ,57,12,반도체,반도체,"10,874억원",10874
1104,001200,유진투자증권,KOSPI,61,4,"은행, 증권 및 기타금융",증권,"3,608억원",3608
1105,178780,유테크,KOSDAQ,64,12,반도체,도매,602억원,602
1106,179900,유티아이,KOSDAQ,85,14,전자부품,IT부품,"2,415억원",2415
1107,000100,유한양행,KOSPI,94,11,"의료, 제약 및 생물공학",의약품,"44,783억원",44783
1108,003460,유화증권,KOSPI,50,0,"건설, 장비, 기기",증권,"1,573억원",1573
1109,191410,육일씨엔에쓰,KOSDAQ,50,1,전기전자,IT부품,412억원,412
1110,008730,율촌화학,KOSPI,55,6,"화학, 섬유",화학,"6,088억원",6088
1111,008250,이건산업,KOSPI,65,6,"화학, 섬유",종이목재,"1,314억원",1314
1112,039020,이건홀딩스,KOSDAQ,63,6,"화학, 섬유","종이,목재","1,199억원",1199
1113,025820,이구산업,KOSPI,77,10,철강금속,철강금속,"1,114억원",1114
1114,067920,이글루시큐리티,KOSDAQ,64,16,IT서비스,소프트웨어,795억원,795
1115,044960,이글벳,KOSDAQ,53,2,"음식료품, 담배 및 기타화학",도매,"1,016억원",1016
1116,214320,이노션,KOSPI,73,8,"광고, 디지털컨텐츠, 엔터테인먼트",서비스업,"11,020억원",11020
1117,073490,이노와이어리스,KOSDAQ,51,16,IT서비스,통신장비,"3,062억원",3062
1118,215790,이노인스트루먼트,KOSDAQ,54,5,"항공,운수 및 통신장비",통신장비,771억원,771
1119,088390,이녹스,KOSDAQ,72,17,섬유의복 및 유통,"운송장비,부품","2,941억원",2941
1120,272290,이녹스첨단소재,KOSDAQ,77,12,반도체,IT부품,"8,534억원",8534
1121,053350,이니텍,KOSDAQ,68,16,IT서비스,소프트웨어,"1,029억원",1029
1122,258610,이더블유케이,KOSDAQ,82,13,기계장비,금속,961억원,961
1123,041520,이라이콤,KOSDAQ,137,14,전자부품,IT부품,"1,058억원",1058
1124,054210,이랜텍,KOSDAQ,52,14,전자부품,IT부품,"2,731억원",2731
1125,065440,이루온,KOSDAQ,97,16,IT서비스,소프트웨어,630억원,630
1126,139480,이마트,KOSPI,85,2,"음식료품, 담배 및 기타화학",유통업,"42,650억원",42650
1127,115610,이미지스,KOSDAQ,98,14,전자부품,반도체,343억원,343
1128,078020,이베스트투자증권,KOSDAQ,50,4,"은행, 증권 및 기타금융",금융서비스,"4,771억원",4771
1129,080010,이상네트웍스,KOSDAQ,51,8,"광고, 디지털컨텐츠, 엔터테인먼트",인터넷,645억원,645
1130,086890,이수앱지스,KOSDAQ,66,11,"의료, 제약 및 생물공학",제약,"3,205억원",3205
1131,007660,이수페타시스,KOSPI,141,14,전자부품,전기전자,"3,270억원",3270
1132,005950,이수화학,KOSPI,61,15,건설,화학,"4,222억원",4222
1133,015020,이스타코,KOSPI,64,8,"광고, 디지털컨텐츠, 엔터테인먼트",서비스업,"1,230억원",1230
1134,047560,이스트소프트,KOSDAQ,109,16,IT서비스,디지털컨텐츠,"1,803억원",1803
1135,900110,이스트아시아홀딩스,KOSDAQ,54,0,"건설, 장비, 기기",미분류,261억원,261
1136,067010,이씨에스,KOSDAQ,50,16,IT서비스,정보기기,862억원,862
1137,093230,이아이디,KOSPI,58,0,"건설, 장비, 기기",유통업,"2,973억원",2973
1138,102710,이엔에프테크놀로지,KOSDAQ,69,12,반도체,화학,"4,351억원",4351
1139,063760,이엘피,KOSDAQ,89,12,반도체,반도체,778억원,778
1140,123570,이엠넷,KOSDAQ,55,8,"광고, 디지털컨텐츠, 엔터테인먼트",전문기술,"1,417억원",1417
1141,079190,EMW,KOSDAQ,53,1,전기전자,통신장비,507억원,507
1142,095190,이엠코리아,KOSDAQ,66,13,기계장비,"기계,장비","1,737억원",1737
1143,091120,이엠텍,KOSDAQ,93,14,전자부품,IT부품,"4,012억원",4012
1144,102460,이연제약,KOSPI,130,11,"의료, 제약 및 생물공학",의약품,"7,496억원",7496
1145,039030,이오테크닉스,KOSDAQ,55,12,반도체,반도체,"13,428억원",13428
1146,245620,EDGC,KOSDAQ,66,11,"의료, 제약 및 생물공학","연구,개발","2,762억원",2762
1147,088290,이원컴포텍,KOSDAQ,76,7,운수장비,"운송장비,부품","1,834억원",1834
1148,084680,이월드,KOSPI,123,0,"건설, 장비, 기기",미분류,"2,879억원",2879
1149,181340,이즈미디어,KOSDAQ,60,14,전자부품,"의료,정밀기기","1,410억원",1410
1150,037370,EG,KOSDAQ,79,13,기계장비,종합건설,"1,123억원",1123
1151,353810,이지바이오,KOSDAQ,53,2,"음식료품, 담배 및 기타화학","음식료,담배","1,605억원",1605
1152,092130,이크레더블,KOSDAQ,57,16,IT서비스,기타서비스,"2,403억원",2403
1153,096040,이트론,KOSDAQ,174,16,IT서비스,정보기기,"2,497억원",2497
1154,134060,이퓨쳐,KOSDAQ,52,3,교육서비스 및 문구류,"출판,매체복제",384억원,384
1155,001840,이화공영,KOSDAQ,88,15,건설,종합건설,"1,095억원",1095
1156,000760,이화산업,KOSPI,83,6,"화학, 섬유",유통업,440억원,440
1157,024810,이화전기,KOSDAQ,97,13,기계장비,IT부품,"1,385억원",1385
1158,014990,인디에프,KOSPI,63,17,섬유의복 및 유통,섬유의복,909억원,909
1159,041830,인바디,KOSDAQ,67,11,"의료, 제약 및 생물공학","의료,정밀기기","3,099억원",3099
1160,079950,인베니아,KOSDAQ,51,12,반도체,"기계,장비",589억원,589
1161,277410,인산가,KOSDAQ,50,2,"음식료품, 담배 및 기타화학","음식료,담배",683억원,683
1162,060150,인선이엔티,KOSDAQ,60,15,건설,환경,"5,052억원",5052
1163,033230,인성정보,KOSDAQ,52,16,IT서비스,컴퓨터서비스,"1,325억원",1325
1164,006490,인스코비,KOSPI,79,1,전기전자,통신업,"3,614억원",3614
1165,037330,인지디스플레,KOSDAQ,55,12,반도체,IT부품,"1,303억원",1303
1166,023800,인지컨트롤스,KOSPI,69,7,운수장비,운수장비,"2,122억원",2122
1167,034590,인천도시가스,KOSPI,53,13,기계장비,전기가스업,"1,212억원",1212
1168,083640,인콘,KOSDAQ,138,16,IT서비스,통신장비,773억원,773
1169,216050,인크로스,KOSDAQ,71,8,"광고, 디지털컨텐츠, 엔터테인먼트",전문기술,"3,936억원",3936
1170,049070,인탑스,KOSDAQ,61,1,전기전자,IT부품,"4,678억원",4678
1171,119610,인터로조,KOSDAQ,63,11,"의료, 제약 및 생물공학","의료,정밀기기","3,592억원",3592
1172,017250,인터엠,KOSDAQ,73,0,"건설, 장비, 기기",일반전기전자,260억원,260
1173,129260,인터지스,KOSPI,74,5,"항공,운수 및 통신장비",운수창고업,"1,007억원",1007
1174,035080,인터파크,KOSDAQ,112,8,"광고, 디지털컨텐츠, 엔터테인먼트",소매,"4,522억원",4522
1175,051370,인터플렉스,KOSDAQ,76,14,전자부품,IT부품,"3,161억원",3161
1176,064290,인텍플러스,KOSDAQ,50,12,반도체,반도체,"3,111억원",3111
1177,189300,인텔리안테크,KOSDAQ,79,5,"항공,운수 및 통신장비",일반전기전자,"7,678억원",7678
1178,150840,인트로메딕,KOSDAQ,52,11,"의료, 제약 및 생물공학","의료,정밀기기","2,921억원",2921
1179,048530,인트론바이오,KOSDAQ,62,11,"의료, 제약 및 생물공학",제약,"7,367억원",7367
1180,023810,인팩,KOSPI,75,7,운수장비,운수장비,"1,245억원",1245
1181,175140,인포마크,KOSDAQ,64,3,교육서비스 및 문구류,통신장비,545억원,545
1182,115310,인포바인,KOSDAQ,61,8,"광고, 디지털컨텐츠, 엔터테인먼트",통신서비스,795억원,795
1183,039290,인포뱅크,KOSDAQ,58,16,IT서비스,통신서비스,"1,578억원",1578
1184,071200,인피니트헬스케어,KOSDAQ,56,11,"의료, 제약 및 생물공학",소프트웨어,"1,788억원",1788
1185,101930,인화정공,KOSDAQ,75,13,기계장비,"운송장비,부품","1,222억원",1222
1186,249420,일동제약,KOSPI,153,11,"의료, 제약 및 생물공학",의약품,"6,177억원",6177
1187,000230,일동홀딩스,KOSPI,71,11,"의료, 제약 및 생물공학",의약품,"1,812억원",1812
1188,013360,일성건설,KOSPI,158,15,건설,건설업,"3,187억원",3187
1189,003120,일성신약,KOSPI,95,11,"의료, 제약 및 생물공학",의약품,"1,968억원",1968
1190,068330,일신바이오,KOSDAQ,55,11,"의료, 제약 및 생물공학","기계,장비","1,663억원",1663
1191,003200,일신방직,KOSPI,55,1,전기전자,섬유의복,"2,544억원",2544
1192,007110,일신석재,KOSPI,96,15,건설,유통업,"1,623억원",1623
1193,058450,일야,KOSDAQ,92,14,전자부품,IT부품,217억원,217
1194,007570,일양약품,KOSPI,74,11,"의료, 제약 및 생물공학",의약품,"5,621억원",5621
1195,008500,일정실업,KOSPI,50,1,전기전자,섬유의복,392억원,392
1196,019540,일지테크,KOSDAQ,65,7,운수장비,"운송장비,부품",434억원,434
1197,081000,일진다이아,KOSPI,55,10,철강금속,화학,"4,538억원",4538
1198,020760,일진디스플,KOSPI,79,12,반도체,전기전자,989억원,989
1199,020150,일진머티리얼즈,KOSPI,67,15,건설,전기전자,"55,564억원",55564
1200,103590,일진전기,KOSPI,61,1,전기전자,전기전자,"1,835억원",1835
1201,094820,일진파워,KOSDAQ,82,13,기계장비,전문건설,"2,601억원",2601
1202,015860,일진홀딩스,KOSPI,51,10,철강금속,기타금융업,"2,685억원",2685
1203,226320,잇츠한불,KOSPI,60,17,섬유의복 및 유통,화학,"3,925억원",3925
1204,950140,잉글우드랩,KOSDAQ,61,17,섬유의복 및 유통,미분류,"1,460억원",1460
1205,049550,잉크테크,KOSDAQ,52,1,전기전자,화학,"1,445억원",1445
1206,043910,자연과환경,KOSDAQ,53,15,건설,환경,902억원,902
1207,234920,자이글,KOSDAQ,79,2,"음식료품, 담배 및 기타화학",일반전기전자,575억원,575
1208,033240,자화전자,KOSPI,104,14,전자부품,전기전자,"3,786억원",3786
1209,174880,장원테크,KOSDAQ,115,14,전자부품,통신장비,546억원,546
1210,049630,재영솔루텍,KOSDAQ,59,14,전자부품,IT부품,807억원,807
1211,000950,전방,KOSPI,60,17,섬유의복 및 유통,섬유의복,684억원,684
1212,208140,정다운,KOSDAQ,64,2,"음식료품, 담배 및 기타화학","음식료,담배",940억원,940
1213,022220,정산애강,KOSDAQ,64,15,건설,화학,"1,018억원",1018
1214,040420,정상제이엘에스,KOSDAQ,53,3,교육서비스 및 문구류,교육,"1,250억원",1250
1215,045510,정원엔시스,KOSDAQ,65,16,IT서비스,컴퓨터서비스,789억원,789
1216,217190,제너셈,KOSDAQ,84,12,반도체,반도체,719억원,719
1217,095700,제넥신,KOSDAQ,105,11,"의료, 제약 및 생물공학","연구,개발","16,094억원",16094
1218,122310,제노레이,KOSDAQ,54,11,"의료, 제약 및 생물공학","의료,정밀기기","1,336억원",1336
1219,123330,제닉,KOSDAQ,59,17,섬유의복 및 유통,화학,417억원,417
1220,159580,제로투세븐,KOSDAQ,105,17,섬유의복 및 유통,도매,"2,154억원",2154
1221,147830,제룡산업,KOSDAQ,54,10,철강금속,금속,701억원,701
1222,033100,제룡전기,KOSDAQ,56,13,기계장비,IT부품,810억원,810
1223,079370,제우스,KOSDAQ,112,12,반도체,"기계,장비","2,186억원",2186
1224,067290,JW신약,KOSDAQ,129,11,"의료, 제약 및 생물공학",제약,"1,891억원",1891
1225,054950,제이브이엠,KOSDAQ,52,11,"의료, 제약 및 생물공학","기계,장비","1,662억원",1662
1226,090470,제이스텍,KOSDAQ,100,12,반도체,반도체,937억원,937
1227,137950,제이씨케미칼,KOSDAQ,59,13,기계장비,화학,"1,877억원",1877
1228,033320,제이씨현시스템,KOSDAQ,110,16,IT서비스,도매,"1,334억원",1334
1229,194370,제이에스코퍼레이션,KOSPI,85,17,섬유의복 및 유통,미분류,"2,867억원",2867
1230,026040,제이에스티나,KOSDAQ,84,17,섬유의복 및 유통,기타제조,537억원,537
1231,126880,제이엔케이히터,KOSDAQ,61,13,기계장비,"기계,장비","1,385억원",1385
1232,033050,제이엠아이,KOSDAQ,51,1,전기전자,"출판,매체복제",422억원,422
1233,094970,제이엠티,KOSDAQ,135,14,전자부품,IT부품,653억원,653
1234,035900,JYP Ent.,KOSDAQ,101,8,"광고, 디지털컨텐츠, 엔터테인먼트","오락,문화","16,631억원",16631
1235,058420,제이웨이,KOSDAQ,66,8,"광고, 디지털컨텐츠, 엔터테인먼트","오락,문화",78억원,78
1236,025620,제이준코스메틱,KOSPI,51,17,섬유의복 및 유통,화학,685억원,685
1237,036420,제이콘텐트리,KOSPI,81,8,"광고, 디지털컨텐츠, 엔터테인먼트",서비스업,"9,167억원",9167
1238,089790,제이티,KOSDAQ,52,12,반도체,반도체,"1,042억원",1042
1239,950170,JTC,KOSDAQ,52,17,섬유의복 및 유통,미분류,"1,411억원",1411
1240,030000,제일기획,KOSPI,68,8,"광고, 디지털컨텐츠, 엔터테인먼트",서비스업,"25,942억원",25942
1241,052670,제일바이오,KOSDAQ,57,2,"음식료품, 담배 및 기타화학",제약,948억원,948
1242,271980,제일약품,KOSPI,148,11,"의료, 제약 및 생물공학",의약품,"4,610억원",4610
1243,001560,제일연마,KOSPI,100,10,철강금속,비금속광물,924억원,924
1244,023440,제일제강,KOSDAQ,144,10,철강금속,금속,950억원,950
1245,038010,제일테크노스,KOSDAQ,136,15,건설,금속,659억원,659
1246,002620,제일파마홀딩스,KOSPI,58,1,전기전자,서비스업,"2,524억원",2524
1247,080220,제주반도체,KOSDAQ,97,14,전자부품,반도체,"2,253억원",2253
1248,006220,제주은행,KOSPI,55,4,"은행, 증권 및 기타금융",은행,"1,757억원",1757
1249,089590,제주항공,KOSPI,55,5,"항공,운수 및 통신장비",운수창고업,"8,310억원",8310
1250,082270,젬백스,KOSDAQ,56,1,전기전자,"기계,장비","7,027억원",7027
1251,044060,조광ILI,KOSDAQ,64,13,기계장비,"기계,장비","1,202억원",1202
1252,004910,조광페인트,KOSPI,50,6,"화학, 섬유",화학,"1,078억원",1078
1253,004700,조광피혁,KOSPI,56,6,"화학, 섬유",미분류,"3,497억원",3497
1254,001550,조비,KOSPI,54,2,"음식료품, 담배 및 기타화학",화학,"1,046억원",1046
1255,000480,조선내화,KOSPI,77,10,철강금속,비금속광물,"3,340억원",3340
1256,120030,조선선재,KOSPI,125,10,철강금속,기계,"1,365억원",1365
1257,034940,조아제약,KOSDAQ,69,11,"의료, 제약 및 생물공학",제약,"1,157억원",1157
1258,067000,조이시티,KOSDAQ,102,8,"광고, 디지털컨텐츠, 엔터테인먼트",디지털컨텐츠,"6,276억원",6276
1259,018470,조일알미늄,KOSPI,87,10,철강금속,철강금속,"2,094억원",2094
1260,002600,조흥,KOSPI,120,2,"음식료품, 담배 및 기타화학",음식료품,"1,155억원",1155
1261,063160,종근당바이오,KOSPI,71,11,"의료, 제약 및 생물공학",의약품,"2,161억원",2161
1262,185750,종근당,KOSPI,80,11,"의료, 제약 및 생물공학",의약품,"13,197억원",13197
1263,001630,종근당홀딩스,KOSPI,120,11,"의료, 제약 및 생물공학",의약품,"3,642억원",3642
1264,033340,좋은사람들,KOSDAQ,83,17,섬유의복 및 유통,"섬유,의류",527억원,527
1265,036930,주성엔지니어링,KOSDAQ,99,12,반도체,반도체,"9,312억원",9312
1266,226400,오스테오닉,KOSDAQ,50,11,"의료, 제약 및 생물공학","의료,정밀기기",661억원,661
1267,070960,용평리조트,KOSPI,79,15,건설,서비스업,"2,325억원",2325
1268,187420,제노포커스,KOSDAQ,53,2,"음식료품, 담배 및 기타화학",제약,"1,897억원",1897
1269,023450,동남합성,KOSPI,81,6,"화학, 섬유",화학,"2,300억원",2300
1270,002380,KCC,KOSPI,50,6,"화학, 섬유",화학,"27,637억원",27637
1271,044380,주연테크,KOSPI,78,16,IT서비스,전기전자,778억원,778
1272,024110,기업은행,KOSPI,73,4,"은행, 증권 및 기타금융",은행,"82,245억원",82245
1273,072020,중앙백신,KOSDAQ,54,2,"음식료품, 담배 및 기타화학",제약,"1,529억원",1529
1274,000440,중앙에너비스,KOSDAQ,86,13,기계장비,도매,943억원,943
1275,043610,지니뮤직,KOSDAQ,51,8,"광고, 디지털컨텐츠, 엔터테인먼트",디지털컨텐츠,"3,231억원",3231
1276,263860,지니언스,KOSDAQ,86,16,IT서비스,소프트웨어,"1,190억원",1190
1277,208350,지란지교시큐리티,KOSDAQ,66,16,IT서비스,"출판,매체복제",503억원,503
1278,114570,지스마트글로벌,KOSDAQ,62,14,전자부품,도매,70억원,70
1279,051160,지어소프트,KOSDAQ,74,16,IT서비스,소프트웨어,"2,514억원",2514
1280,001250,GS글로벌,KOSPI,57,13,기계장비,유통업,"1,919억원",1919
1281,007070,GS리테일,KOSPI,53,2,"음식료품, 담배 및 기타화학",유통업,"32,253억원",32253
1282,053050,지에스이,KOSDAQ,53,13,기계장비,"전기,가스",739억원,739
1283,130500,GH신소재,KOSDAQ,67,0,"건설, 장비, 기기","섬유,의류","1,389억원",1389
1284,119850,지엔씨에너지,KOSDAQ,62,13,기계장비,일반전기전자,783억원,783
1285,065060,지엔코,KOSDAQ,52,17,섬유의복 및 유통,"섬유,의류",655억원,655
1286,204840,지엘팜텍,KOSDAQ,95,11,"의료, 제약 및 생물공학","연구,개발",594억원,594
1287,013870,지엠비코리아,KOSPI,68,7,운수장비,운수장비,"1,097억원",1097
1288,071320,지역난방공사,KOSPI,53,13,기계장비,전기가스업,"4,377억원",4377
1289,010580,지코,KOSPI,136,7,운수장비,운수장비,"1,002억원",1002
1290,035000,지투알,KOSPI,109,8,"광고, 디지털컨텐츠, 엔터테인먼트",서비스업,"1,175억원",1175
1291,219750,지티지웰니스,KOSDAQ,65,11,"의료, 제약 및 생물공학","의료,정밀기기",412억원,412
1292,088790,진도,KOSPI,93,17,섬유의복 및 유통,유통업,345억원,345
1293,018120,진로발효,KOSDAQ,52,2,"음식료품, 담배 및 기타화학","음식료,담배","2,089억원",2089
1294,109820,진매트릭스,KOSDAQ,73,11,"의료, 제약 및 생물공학","연구,개발","2,080억원",2080
1295,086060,진바이오텍,KOSDAQ,54,2,"음식료품, 담배 및 기타화학","음식료,담배",471억원,471
1296,036890,진성티이씨,KOSDAQ,65,7,운수장비,"기계,장비","2,248억원",2248
1297,003780,진양산업,KOSPI,95,6,"화학, 섬유",화학,"1,069억원",1069
1298,007370,진양제약,KOSDAQ,75,11,"의료, 제약 및 생물공학",제약,836억원,836
1299,010640,진양폴리,KOSPI,51,6,"화학, 섬유",화학,571억원,571
1300,100250,진양홀딩스,KOSPI,77,6,"화학, 섬유",화학,"2,183억원",2183
1301,051630,진양화학,KOSPI,139,6,"화학, 섬유",화학,581억원,581
1302,272450,진에어,KOSPI,52,5,"항공,운수 및 통신장비",운수창고업,"8,482억원",8482
1303,011000,진원생명과학,KOSPI,69,11,"의료, 제약 및 생물공학",의약품,"10,373억원",10373
1304,002780,진흥기업,KOSPI,52,15,건설,건설업,"3,055억원",3055
1305,085660,차바이오텍,KOSDAQ,52,11,"의료, 제약 및 생물공학",제약,"10,774억원",10774
1306,900250,크리스탈신소재,KOSDAQ,50,6,"화학, 섬유",미분류,908억원,908
1307,009310,참엔지니어링,KOSPI,65,12,반도체,기계,680억원,680
1308,094850,참좋은여행,KOSDAQ,61,8,"광고, 디지털컨텐츠, 엔터테인먼트",사업지원,"1,743억원",1743
1309,004650,창해에탄올,KOSDAQ,53,2,"음식료품, 담배 및 기타화학","음식료,담배","1,245억원",1245
1310,000650,천일고속,KOSPI,53,4,"은행, 증권 및 기타금융",운수창고업,936억원,936
1311,096240,청담러닝,KOSDAQ,58,3,교육서비스 및 문구류,교육,"2,596억원",2596
1312,066360,체리부로,KOSDAQ,54,2,"음식료품, 담배 및 기타화학","음식료,담배",647억원,647
1313,033250,체시스,KOSPI,91,7,운수장비,운수장비,406억원,406
1314,094360,칩스앤미디어,KOSDAQ,72,14,전자부품,반도체,"2,077억원",2077
1315,016920,카스,KOSDAQ,56,0,"건설, 장비, 기기",도매,"1,004억원",1004
1316,035720,카카오,KOSPI,82,8,"광고, 디지털컨텐츠, 엔터테인먼트",서비스업,"528,255억원",528255
1317,042000,카페24,KOSDAQ,100,16,IT서비스,인터넷,"6,175억원",6175
1318,006380,카프로,KOSPI,92,6,"화학, 섬유",화학,"1,498억원",1498
1319,071850,캐스텍코리아,KOSDAQ,96,7,운수장비,"운송장비,부품",524억원,524
1320,180400,캔서롭,KOSDAQ,50,11,"의료, 제약 및 생물공학",전문기술,"2,221억원",2221
1321,050110,캠시스,KOSDAQ,52,14,전자부품,IT부품,"1,292억원",1292
1322,109070,컨버즈,KOSPI,54,1,전기전자,종이목재,720억원,720
1323,900310,컬러레이,KOSDAQ,50,0,"건설, 장비, 기기",미분류,751억원,751
1324,078340,컴투스,KOSDAQ,54,8,"광고, 디지털컨텐츠, 엔터테인먼트",디지털컨텐츠,"18,039억원",18039
1325,263700,케어랩스,KOSDAQ,61,11,"의료, 제약 및 생물공학",소프트웨어,"1,689억원",1689
1326,214370,케어젠,KOSDAQ,57,17,섬유의복 및 유통,제약,"6,908억원",6908
1327,221980,케이디켐,KOSDAQ,58,6,"화학, 섬유",화학,821억원,821
1328,900280,골든센츄리,KOSDAQ,52,0,"건설, 장비, 기기",미분류,606억원,606
1329,192250,케이사인,KOSDAQ,52,16,IT서비스,소프트웨어,"1,767억원",1767
1330,009440,KC그린홀딩스,KOSPI,65,13,기계장비,기타금융업,955억원,955
1331,029460,케이씨,KOSPI,51,12,반도체,의료정밀,"2,894억원",2894
1332,021320,KCC건설,KOSDAQ,87,15,건설,종합건설,"1,825억원",1825
1333,036670,KCI,KOSDAQ,61,17,섬유의복 및 유통,화학,"1,042억원",1042
1334,115500,케이씨에스,KOSDAQ,107,16,IT서비스,컴퓨터서비스,790억원,790
1335,119650,KC코트렐,KOSPI,96,13,기계장비,기계,"1,086억원",1086
1336,281820,케이씨텍,KOSPI,56,1,전기전자,의료정밀,"4,913억원",4913
1337,089150,케이씨티,KOSDAQ,70,16,IT서비스,컴퓨터서비스,"1,027억원",1027
1338,025880,케이씨피드,KOSDAQ,58,2,"음식료품, 담배 및 기타화학","음식료,담배",501억원,501
1339,093320,케이아이엔엑스,KOSDAQ,94,16,IT서비스,인터넷,"2,435억원",2435
1340,044450,KSS해운,KOSPI,62,5,"항공,운수 및 통신장비",운수창고업,"2,771억원",2771
1341,073010,케이에스피,KOSDAQ,85,13,기계장비,"기계,장비",642억원,642
1342,060720,KH바텍,KOSDAQ,115,14,전자부품,IT부품,"5,694억원",5694
1343,105330,케이엔더블유,KOSDAQ,60,1,전기전자,일반전기전자,"1,638억원",1638
1344,058400,KNN,KOSDAQ,55,8,"광고, 디지털컨텐츠, 엔터테인먼트",방송서비스,"1,761억원",1761
1345,039420,케이엘넷,KOSDAQ,56,16,IT서비스,통신서비스,922억원,922
1346,083550,케이엠,KOSDAQ,57,6,"화학, 섬유","섬유,의류",925억원,925
1347,032500,케이엠더블유,KOSDAQ,84,14,전자부품,통신장비,"16,068억원",16068
1348,122450,KMH,KOSDAQ,76,8,"광고, 디지털컨텐츠, 엔터테인먼트",방송서비스,"3,568억원",3568
1349,052900,KMH하이텍,KOSDAQ,146,12,반도체,반도체,811억원,811
1350,225430,케이엠제약,KOSDAQ,61,17,섬유의복 및 유통,화학,602억원,602
1351,092220,KEC,KOSPI,79,1,전기전자,전기전자,"4,706억원",4706
1352,046440,KG모빌리언스,KOSDAQ,51,16,IT서비스,소프트웨어,"4,814억원",4814
1353,035600,KG이니시스,KOSDAQ,52,3,교육서비스 및 문구류,소프트웨어,"5,218억원",5218
1354,151860,KG ETS,KOSDAQ,51,13,기계장비,환경,"5,490억원",5490
1355,030200,KT,KOSPI,50,0,"건설, 장비, 기기",통신업,"81,075억원",81075
1356,030210,KTB투자증권,KOSPI,58,4,"은행, 증권 및 기타금융",증권,"3,776억원",3776
1357,060370,KT서브마린,KOSDAQ,55,5,"항공,운수 및 통신장비",전문건설,"1,110억원",1110
1358,053210,스카이라이프,KOSPI,80,8,"광고, 디지털컨텐츠, 엔터테인먼트",서비스업,"4,366억원",4366
1359,058850,KTcs,KOSPI,52,16,IT서비스,서비스업,"1,076억원",1076
1360,033780,KT&G,KOSPI,50,17,섬유의복 및 유통,미분류,"118,072억원",118072
1361,064820,케이프,KOSDAQ,50,4,"은행, 증권 및 기타금융","운송장비,부품","1,418억원",1418
1362,256940,케이피에스,KOSDAQ,53,12,반도체,반도체,"2,354억원",2354
1363,024880,케이피에프,KOSDAQ,113,7,운수장비,금속,797억원,797
1364,114450,KPX생명과학,KOSDAQ,52,11,"의료, 제약 및 생물공학",제약,"1,038억원",1038
1365,042040,케이피엠테크,KOSDAQ,54,12,반도체,화학,"1,668억원",1668
1366,054410,케이피티유,KOSDAQ,58,10,철강금속,금속,317억원,317
1367,217600,켐온,KOSDAQ,68,11,"의료, 제약 및 생물공학","연구,개발","1,906억원",1906
1368,089010,켐트로닉스,KOSDAQ,52,14,전자부품,화학,"3,982억원",3982
1369,220260,켐트로스,KOSDAQ,63,0,"건설, 장비, 기기",화학,"3,121억원",3121
1370,052400,코나아이,KOSDAQ,56,16,IT서비스,소프트웨어,"4,022억원",4022
1371,046070,코다코,KOSDAQ,80,7,운수장비,"운송장비,부품",527억원,527
1372,047770,코데즈컴바인,KOSDAQ,95,17,섬유의복 및 유통,"섬유,의류",971억원,971
1373,080530,코디,KOSDAQ,51,17,섬유의복 및 유통,화학,426억원,426
1374,224060,코디엠,KOSDAQ,68,12,반도체,반도체,589억원,589
1375,104540,코렌텍,KOSDAQ,53,11,"의료, 제약 및 생물공학","의료,정밀기기","1,520억원",1520
1376,027050,코리아나,KOSDAQ,53,17,섬유의복 및 유통,화학,"1,540억원",1540
1377,007810,코리아써키트,KOSPI,52,12,반도체,전기전자,"5,350억원",5350
1378,101670,코리아에스이,KOSDAQ,102,15,건설,금속,282억원,282
1379,123410,코리아에프티,KOSDAQ,75,7,운수장비,"운송장비,부품",899억원,899
1380,003690,코리안리,KOSPI,52,4,"은행, 증권 및 기타금융",보험업,"11,519억원",11519
1381,036690,코맥스,KOSDAQ,50,14,전자부품,통신장비,777억원,777
1382,049430,코메론,KOSDAQ,69,7,운수장비,"의료,정밀기기",955억원,955
1383,183300,코미코,KOSDAQ,61,12,반도체,반도체,"6,413억원",6413
1384,041960,코미팜,KOSDAQ,87,11,"의료, 제약 및 생물공학",제약,"5,655억원",5655
1385,089890,코세스,KOSDAQ,126,12,반도체,반도체,"1,916억원",1916
1386,009730,코센,KOSDAQ,72,10,철강금속,금속,264억원,264
1387,192820,코스맥스,KOSPI,72,17,섬유의복 및 유통,화학,"11,463억원",11463
1388,044820,코스맥스비티아이,KOSPI,52,17,섬유의복 및 유통,기타금융업,"1,316억원",1316
1389,241710,코스메카코리아,KOSDAQ,66,17,섬유의복 및 유통,화학,"1,335억원",1335
1390,005070,코스모신소재,KOSPI,60,6,"화학, 섬유",화학,"13,554억원",13554
1391,005420,코스모화학,KOSPI,78,6,"화학, 섬유",화학,"3,956억원",3956
1392,069110,코스온,KOSDAQ,69,17,섬유의복 및 유통,화학,630억원,630
1393,071950,코아스,KOSPI,59,17,섬유의복 및 유통,미분류,355억원,355
1394,166480,코아스템,KOSDAQ,63,11,"의료, 제약 및 생물공학",제약,"2,769억원",2769
1395,029960,코엔텍,KOSDAQ,50,0,"건설, 장비, 기기",환경,"4,465억원",4465
1396,003070,코오롱글로벌,KOSPI,52,15,건설,건설업,"5,786억원",5786
1397,002020,코오롱,KOSPI,52,17,섬유의복 및 유통,기타금융업,"4,015억원",4015
1398,102940,코오롱생명과학,KOSDAQ,50,11,"의료, 제약 및 생물공학",제약,"4,588억원",4588
1399,120110,코오롱인더,KOSPI,51,6,"화학, 섬유",화학,"20,694억원",20694
1400,950160,코오롱티슈진,KOSDAQ,50,11,"의료, 제약 및 생물공학",미분류,"4,896억원",4896
1401,138490,코오롱플라스틱,KOSPI,59,6,"화학, 섬유",화학,"4,693억원",4693
1402,021240,코웨이,KOSPI,55,9,"가전, 전자장비, 기타 부품 및 제품",서비스업,"56,383억원",56383
1403,033290,코웰패션,KOSDAQ,53,14,전자부품,소매,"6,699억원",6699
1404,056360,코위버,KOSDAQ,124,16,IT서비스,통신장비,727억원,727
1405,121850,코이즈,KOSDAQ,52,0,"건설, 장비, 기기",IT부품,429억원,429
1406,015710,코콤,KOSDAQ,52,16,IT서비스,통신장비,"1,161억원",1161
1407,052330,코텍,KOSDAQ,59,14,전자부품,정보기기,"1,517억원",1517
1408,126600,코프라,KOSDAQ,94,6,"화학, 섬유",화학,"2,333억원",2333
1409,200130,콜마비앤에이치,KOSDAQ,67,17,섬유의복 및 유통,제약,"9,336억원",9336
1410,031820,콤텍시스템,KOSPI,76,16,IT서비스,서비스업,"1,097억원",1097
1411,192400,쿠쿠홀딩스,KOSPI,50,9,"가전, 전자장비, 기타 부품 및 제품",기타금융업,"6,775억원",6775
1412,284740,쿠쿠홈시스,KOSPI,50,9,"가전, 전자장비, 기타 부품 및 제품",서비스업,"8,638억원",8638
1413,060280,큐렉소,KOSDAQ,61,11,"의료, 제약 및 생물공학",소매,"2,351억원",2351
1414,015590,큐로,KOSPI,71,13,기계장비,기계,"1,094억원",1094
1415,040350,큐로컴,KOSDAQ,55,11,"의료, 제약 및 생물공학",컴퓨터서비스,"1,455억원",1455
1416,051780,큐로홀딩스,KOSDAQ,67,8,"광고, 디지털컨텐츠, 엔터테인먼트",소매,671억원,671
1417,115180,큐리언트,KOSDAQ,54,11,"의료, 제약 및 생물공학","연구,개발","2,692억원",2692
1418,182360,큐브엔터,KOSDAQ,70,8,"광고, 디지털컨텐츠, 엔터테인먼트","오락,문화","3,134억원",3134
1419,066310,큐에스아이,KOSDAQ,56,14,전자부품,반도체,"1,656억원",1656
1420,016600,큐캐피탈,KOSDAQ,68,4,"은행, 증권 및 기타금융",금융,"1,019억원",1019
1421,264900,크라운제과,KOSPI,94,1,전기전자,음식료품,"1,180억원",1180
1422,005740,크라운해태홀딩스,KOSPI,122,2,"음식료품, 담배 및 기타화학",기타금융업,"1,275억원",1275
1423,043590,크로바하이텍,KOSDAQ,198,14,전자부품,반도체,764억원,764
1424,114120,크루셜텍,KOSDAQ,78,14,전자부품,IT부품,289억원,289
1425,110790,크리스에프앤씨,KOSDAQ,55,17,섬유의복 및 유통,"섬유,의류","5,055억원",5055
1426,045520,크린앤사이언스,KOSDAQ,70,7,운수장비,"기계,장비","1,294억원",1294
1427,214150,클래시스,KOSDAQ,50,0,"건설, 장비, 기기","의료,정밀기기","12,134억원",12134
1428,237880,클리오,KOSDAQ,70,17,섬유의복 및 유통,화학,"3,342억원",3342
1429,020120,키다리스튜디오,KOSPI,68,0,"건설, 장비, 기기",서비스업,"4,995억원",4995
1430,039490,키움증권,KOSPI,62,4,"은행, 증권 및 기타금융",증권,"28,055억원",28055
1431,054780,키이스트,KOSDAQ,59,8,"광고, 디지털컨텐츠, 엔터테인먼트","오락,문화","2,193억원",2193
1432,219130,타이거일렉,KOSDAQ,106,0,"건설, 장비, 기기",반도체,"1,023억원",1023
1433,065130,탑엔지니어링,KOSDAQ,70,12,반도체,"기계,장비","1,270억원",1270
1434,015890,태경산업,KOSPI,82,10,철강금속,화학,"2,125억원",2125
1435,023160,태광,KOSDAQ,109,13,기계장비,금속,"2,782억원",2782
1436,003240,태광산업,KOSPI,50,0,"건설, 장비, 기기",화학,"11,045억원",11045
1437,011280,태림포장,KOSPI,113,6,"화학, 섬유",종이목재,"3,169억원",3169
1438,053620,태양,KOSDAQ,54,2,"음식료품, 담배 및 기타화학",금속,777억원,777
1439,004100,태양금속,KOSPI,68,10,철강금속,운수장비,497억원,497
1440,009410,태영건설,KOSPI,67,15,건설,건설업,"4,084억원",4084
1441,044490,태웅,KOSDAQ,75,10,철강금속,금속,"2,501억원",2501
1442,001420,태원물산,KOSPI,56,7,운수장비,운수장비,407억원,407
1443,007980,태평양물산,KOSPI,102,2,"음식료품, 담배 및 기타화학",섬유의복,"1,127억원",1127
1444,191420,테고사이언스,KOSDAQ,56,11,"의료, 제약 및 생물공학",제약,"1,703억원",1703
1445,182690,테라셈,KOSDAQ,85,14,전자부품,반도체,305억원,305
1446,066700,테라젠이텍스,KOSDAQ,72,11,"의료, 제약 및 생물공학",제약,"2,260억원",2260
1447,095610,테스,KOSDAQ,76,12,반도체,반도체,"5,545억원",5545
1448,131970,테스나,KOSDAQ,52,12,반도체,반도체,"6,944억원",6944
1449,055490,테이팩스,KOSPI,54,14,전자부품,화학,"3,680억원",3680
1450,089030,테크윙,KOSDAQ,139,12,반도체,반도체,"4,120억원",4120
1451,054450,텔레칩스,KOSDAQ,64,14,전자부품,반도체,"2,161억원",2161
1452,091440,텔레필드,KOSDAQ,82,16,IT서비스,통신장비,244억원,244
1453,078000,텔코웨어,KOSPI,95,16,IT서비스,서비스업,"1,072억원",1072
1454,200230,텔콘RF제약,KOSDAQ,60,11,"의료, 제약 및 생물공학",통신장비,"2,568억원",2568
1455,214420,토니모리,KOSPI,94,17,섬유의복 및 유통,화학,958억원,958
1456,215480,토박스코리아,KOSDAQ,110,17,섬유의복 및 유통,소매,719억원,719
1457,051360,토비스,KOSDAQ,78,14,전자부품,정보기기,"1,346억원",1346
1458,045340,토탈소프트,KOSDAQ,50,0,"건설, 장비, 기기",소프트웨어,737억원,737
1459,108230,톱텍,KOSDAQ,82,12,반도체,"기계,장비","3,228억원",3228
1460,079970,투비소프트,KOSDAQ,181,16,IT서비스,소프트웨어,880억원,880
1461,105550,트루윈,KOSDAQ,66,7,운수장비,일반전기전자,"1,706억원",1706
1462,026150,특수건설,KOSDAQ,139,15,건설,종합건설,"1,798억원",1798
1463,033830,티비씨,KOSDAQ,53,8,"광고, 디지털컨텐츠, 엔터테인먼트",방송서비스,"1,370억원",1370
1464,064760,티씨케이,KOSDAQ,62,12,반도체,반도체,"16,112억원",16112
1465,131290,티에스이,KOSDAQ,114,12,반도체,반도체,"7,334억원",7334
1466,019180,티에이치엔,KOSPI,68,7,운수장비,전기전자,750억원,750
1467,062860,티엘아이,KOSDAQ,196,14,전자부품,반도체,617억원,617
1468,091810,티웨이항공,KOSPI,56,5,"항공,운수 및 통신장비",운수창고업,"3,310억원",3310
1469,004870,티웨이홀딩스,KOSPI,55,5,"항공,운수 및 통신장비",비금속광물,674억원,674
1470,032540,TJ미디어,KOSDAQ,57,8,"광고, 디지털컨텐츠, 엔터테인먼트",일반전기전자,673억원,673
1471,104480,티케이케미칼,KOSDAQ,84,6,"화학, 섬유",화학,"4,590억원",4590
1472,081150,티플랙스,KOSDAQ,139,10,철강금속,금속,"1,042억원",1042
1473,130740,티피씨글로벌,KOSDAQ,114,7,운수장비,"운송장비,부품",379억원,379
1474,048770,TPC,KOSDAQ,58,1,전기전자,"기계,장비",490억원,490
1475,084730,팅크웨어,KOSDAQ,68,1,전기전자,통신장비,"2,090억원",2090
1476,046210,파나진,KOSDAQ,50,11,"의료, 제약 및 생물공학","의료,정밀기기","1,228억원",1228
1477,034230,파라다이스,KOSDAQ,50,8,"광고, 디지털컨텐츠, 엔터테인먼트","오락,문화","13,369억원",13369
1478,033540,파라텍,KOSDAQ,56,15,건설,"기계,장비","1,191억원",1191
1479,043200,파루,KOSDAQ,54,2,"음식료품, 담배 및 기타화학",IT부품,422억원,422
1480,005690,파미셀,KOSPI,72,11,"의료, 제약 및 생물공학",의약품,"8,094억원",8094
1481,177830,파버나인,KOSDAQ,50,10,철강금속,일반전기전자,635억원,635
1482,037070,파세코,KOSDAQ,77,9,"가전, 전자장비, 기타 부품 및 제품",일반전기전자,"2,940억원",2940
1483,037030,파워넷,KOSDAQ,54,14,전자부품,일반전기전자,917억원,917
1484,047310,파워로직스,KOSDAQ,131,14,전자부품,IT부품,"2,650억원",2650
1485,170790,파이오링크,KOSDAQ,80,16,IT서비스,통신장비,"1,179억원",1179
1486,049120,파인디앤씨,KOSDAQ,154,12,반도체,IT부품,710억원,710
1487,038950,파인디지털,KOSDAQ,70,16,IT서비스,통신장비,648억원,648
1488,106240,파인테크닉스,KOSDAQ,57,14,전자부품,IT부품,"5,129억원",5129
1489,131760,파인텍,KOSDAQ,99,14,전자부품,IT부품,657억원,657
1490,140860,파크시스템스,KOSDAQ,50,12,반도체,"의료,정밀기기","9,961억원",9961
1491,091700,파트론,KOSDAQ,93,14,전자부품,IT부품,"6,634억원",6634
1492,032800,판타지오,KOSDAQ,58,0,"건설, 장비, 기기","오락,문화",608억원,608
1493,036580,팜스코,KOSPI,50,2,"음식료품, 담배 및 기타화학",음식료품,"2,262억원",2262
1494,027710,팜스토리,KOSDAQ,59,2,"음식료품, 담배 및 기타화학","음식료,담배","2,657억원",2657
1495,225590,패션플랫폼,KOSDAQ,83,17,섬유의복 및 유통,"섬유,의류",470억원,470
1496,054300,팬스타엔터프라이즈,KOSDAQ,56,7,운수장비,"기계,장비",513억원,513
1497,068050,팬엔터테인먼트,KOSDAQ,54,8,"광고, 디지털컨텐츠, 엔터테인먼트","오락,문화","1,326억원",1326
1498,028670,팬오션,KOSPI,55,5,"항공,운수 및 통신장비",운수창고업,"29,989억원",29989
1499,222110,팬젠,KOSDAQ,104,11,"의료, 제약 및 생물공학",제약,855억원,855
1500,010820,퍼스텍,KOSPI,61,5,"항공,운수 및 통신장비",기계,"1,014억원",1014
1501,016800,퍼시스,KOSPI,93,3,교육서비스 및 문구류,미분류,"4,140억원",4140
1502,263750,펄어비스,KOSDAQ,69,0,"건설, 장비, 기기",디지털컨텐츠,"79,201억원",79201
1503,001020,페이퍼코리아,KOSPI,56,6,"화학, 섬유",종이목재,622억원,622
1504,087010,펩트론,KOSDAQ,114,11,"의료, 제약 및 생물공학",제약,"2,217억원",2217
1505,090080,평화산업,KOSPI,109,7,운수장비,운수장비,985억원,985
1506,010770,평화홀딩스,KOSPI,118,7,운수장비,운수장비,686억원,686
1507,119500,포메탈,KOSDAQ,52,13,기계장비,금속,508억원,508
1508,058430,포스코강판,KOSPI,50,10,철강금속,철강금속,"3,372억원",3372
1509,005490,POSCO,KOSPI,52,10,철강금속,철강금속,"251,534억원",251534
1510,022100,포스코 ICT,KOSDAQ,72,13,기계장비,전문기술,"9,654억원",9654
1511,189690,포시에스,KOSDAQ,71,0,"건설, 장비, 기기",소프트웨어,654억원,654
1512,141020,포티스,KOSDAQ,67,17,섬유의복 및 유통,소매,188억원,188
1513,007630,폴루스바이오팜,KOSPI,68,17,섬유의복 및 유통,유통업,551억원,551
1514,290720,푸드나무,KOSDAQ,50,2,"음식료품, 담배 및 기타화학",소매,"2,222억원",2222
1515,005670,푸드웰,KOSDAQ,81,2,"음식료품, 담배 및 기타화학","음식료,담배",682억원,682
1516,094940,푸른기술,KOSDAQ,65,16,IT서비스,정보기기,778억원,778
1517,007330,푸른저축은행,KOSDAQ,57,4,"은행, 증권 및 기타금융",금융,"1,848억원",1848
1518,017810,풀무원,KOSPI,51,2,"음식료품, 담배 및 기타화학",음식료품,"6,671억원",6671
1519,093380,풍강,KOSDAQ,81,7,운수장비,금속,423억원,423
1520,023900,풍국주정,KOSDAQ,72,6,"화학, 섬유","음식료,담배","2,029억원",2029
1521,103140,풍산,KOSPI,63,10,철강금속,철강금속,"8,674억원",8674
1522,005810,풍산홀딩스,KOSPI,61,10,철강금속,기타금융업,"3,029억원",3029
1523,220100,퓨쳐켐,KOSDAQ,51,11,"의료, 제약 및 생물공학",제약,"2,702억원",2702
1524,035200,프럼파스트,KOSDAQ,61,13,기계장비,화학,635억원,635
1525,203690,프로스테믹스,KOSDAQ,72,11,"의료, 제약 및 생물공학",제약,"1,329억원",1329
1526,053610,프로텍,KOSDAQ,84,12,반도체,반도체,"2,684억원",2684
1527,053160,프리엠스,KOSDAQ,60,7,운수장비,일반전기전자,789억원,789
1528,075130,플랜티넷,KOSDAQ,52,0,"건설, 장비, 기기",컴퓨터서비스,729억원,729
1529,023770,플레이위드,KOSDAQ,60,0,"건설, 장비, 기기",디지털컨텐츠,"1,210억원",1210
1530,032580,피델릭스,KOSDAQ,122,1,전기전자,반도체,502억원,502
1531,051380,피씨디렉트,KOSDAQ,60,16,IT서비스,도매,"1,453억원",1453
1532,241820,피씨엘,KOSDAQ,68,11,"의료, 제약 및 생물공학",제약,"3,902억원",3902
1533,237750,피앤씨테크,KOSDAQ,50,16,IT서비스,일반전기전자,444억원,444
1534,024850,피에스엠씨,KOSDAQ,57,1,전기전자,반도체,479억원,479
1535,319660,피에스케이,KOSDAQ,56,1,전기전자,반도체,"7,036억원",7036
1536,002230,피에스텍,KOSDAQ,80,13,기계장비,"의료,정밀기기",982억원,982
1537,137400,피엔티,KOSDAQ,84,12,반도체,"기계,장비","9,904억원",9904
1538,024940,PN풍년,KOSDAQ,88,2,"음식료품, 담배 및 기타화학",금속,482억원,482
1539,128660,피제이메탈,KOSDAQ,126,10,철강금속,금속,"1,230억원",1230
1540,006140,피제이전자,KOSDAQ,55,14,전자부품,"의료,정밀기기","1,166억원",1166
1541,087600,픽셀플러스,KOSDAQ,54,14,전자부품,반도체,766억원,766
1542,161580,필옵틱스,KOSDAQ,65,12,반도체,IT부품,"2,116억원",2116
1543,086790,하나금융지주,KOSPI,50,4,"은행, 증권 및 기타금융",기타금융업,"130,906억원",130906
1544,067310,하나마이크론,KOSDAQ,105,12,반도체,반도체,"6,994억원",6994
1545,166090,하나머티리얼즈,KOSDAQ,90,12,반도체,반도체,"11,941억원",11941
1546,293480,하나제약,KOSPI,164,0,"건설, 장비, 기기",의약품,"3,519억원",3519
1547,039130,하나투어,KOSPI,51,8,"광고, 디지털컨텐츠, 엔터테인먼트",서비스업,"10,231억원",10231
1548,136480,하림,KOSDAQ,60,2,"음식료품, 담배 및 기타화학","음식료,담배","2,958억원",2958
1549,003380,하림지주,KOSDAQ,61,2,"음식료품, 담배 및 기타화학",금융,"8,643억원",8643
1550,149980,하이로닉,KOSDAQ,74,11,"의료, 제약 및 생물공학","의료,정밀기기","1,012억원",1012
1551,013030,하이록코리아,KOSDAQ,56,1,전기전자,금속,"2,294억원",2294
1552,126700,하이비젼시스템,KOSDAQ,86,14,전자부품,"의료,정밀기기","3,399억원",3399
1553,071090,하이스틸,KOSPI,56,10,철강금속,철강금속,540억원,540
1554,221840,하이즈항공,KOSDAQ,50,1,전기전자,"운송장비,부품",803억원,803
1555,106190,하이텍팜,KOSDAQ,152,11,"의료, 제약 및 생물공학",도매,985억원,985
1556,019490,하이트론,KOSPI,189,16,IT서비스,전기전자,359억원,359
1557,000080,하이트진로,KOSPI,50,2,"음식료품, 담배 및 기타화학",음식료품,"21,321억원",21321
1558,000140,하이트진로홀딩스,KOSPI,50,2,"음식료품, 담배 및 기타화학",기타금융업,"2,912억원",2912
1559,066130,하츠,KOSDAQ,56,15,건설,일반전기전자,"1,190억원",1190
1560,004590,한국가구,KOSDAQ,67,2,"음식료품, 담배 및 기타화학",도매,956억원,956
1561,033270,유나이티드제약,KOSPI,70,11,"의료, 제약 및 생물공학",의약품,"8,041억원",8041
1562,005380,현대차,KOSPI,78,7,운수장비,운수장비,"450,840억원",450840
1563,329180,현대중공업,KOSPI,51,13,기계장비,운수장비,"89,661억원",89661
